dataset_name,method,fusion,modality_combo,coefficient,target,value,std
ECG5000,gated_fusion__raw_STFT,gated_fusion,raw_STFT,gate,raw,0.3214058578014374,0.1314029097557068
ECG5000,gated_fusion__raw_STFT,gated_fusion,raw_STFT,gate,stft,0.678594172000885,0.1314029097557068
ECG5000,gated_fusion__raw_GAF,gated_fusion,raw_GAF,gate,raw,0.395997554063797,0.10766565054655075
ECG5000,gated_fusion__raw_GAF,gated_fusion,raw_GAF,gate,gaf,0.6040024161338806,0.10766565054655075
ECG5000,gated_fusion__raw_stats_STFT,gated_fusion,raw_stats_STFT,gate,raw,0.15933085978031158,0.10690370202064514
ECG5000,gated_fusion__raw_stats_STFT,gated_fusion,raw_stats_STFT,gate,stats,0.5854771137237549,0.2136642336845398
ECG5000,gated_fusion__raw_stats_STFT,gated_fusion,raw_stats_STFT,gate,stft,0.25519201159477234,0.10895911604166031
ECG5000,gated_fusion__raw_stats_GAF_STFT,gated_fusion,raw_stats_GAF_STFT,gate,raw,0.25824689865112305,0.17998062074184418
ECG5000,gated_fusion__raw_stats_GAF_STFT,gated_fusion,raw_stats_GAF_STFT,gate,stats,0.18956871330738068,0.017412202432751656
ECG5000,gated_fusion__raw_stats_GAF_STFT,gated_fusion,raw_stats_GAF_STFT,gate,gaf,0.1852828562259674,0.0319119431078434
ECG5000,gated_fusion__raw_stats_GAF_STFT,gated_fusion,raw_stats_GAF_STFT,gate,stft,0.3669015169143677,0.1696627289056778
ECG5000,residual_gated_fusion_vector_alpha__raw_STFT,residual_gated_fusion_vector_alpha,raw_STFT,alpha_abs_mean,residual_delta,0.2826029062271118,0.35430270433425903
ECG5000,residual_gated_fusion_vector_alpha__raw_GAF,residual_gated_fusion_vector_alpha,raw_GAF,alpha_abs_mean,residual_delta,0.2641838490962982,0.3043639361858368
ECG5000,residual_gated_fusion_vector_alpha__raw_stats_STFT,residual_gated_fusion_vector_alpha,raw_stats_STFT,alpha_abs_mean,residual_delta,0.35336029529571533,0.3844132721424103
ECG5000,residual_gated_fusion_vector_alpha__raw_stats_GAF_STFT,residual_gated_fusion_vector_alpha,raw_stats_GAF_STFT,alpha_abs_mean,residual_delta,0.321798175573349,0.38080108165740967
ECG5000,residual_gated_fusion_scalar_alpha__raw_STFT,residual_gated_fusion_scalar_alpha,raw_STFT,alpha_abs_mean,residual_delta,0.6572643518447876,0.15693725645542145
ECG5000,residual_gated_fusion_scalar_alpha__raw_GAF,residual_gated_fusion_scalar_alpha,raw_GAF,alpha_abs_mean,residual_delta,0.6666916012763977,0.3166440427303314
ECG5000,residual_gated_fusion_scalar_alpha__raw_stats_STFT,residual_gated_fusion_scalar_alpha,raw_stats_STFT,alpha_abs_mean,residual_delta,0.6067363023757935,0.18147161602973938
ECG5000,residual_gated_fusion_scalar_alpha__raw_stats_GAF_STFT,residual_gated_fusion_scalar_alpha,raw_stats_GAF_STFT,alpha_abs_mean,residual_delta,0.8402522802352905,0.11884772032499313
ECG5000,film_fusion__raw_STFT,film_fusion,raw_STFT,gamma_abs_mean,raw_modulation,0.4742323160171509,0.07204286754131317
ECG5000,film_fusion__raw_STFT,film_fusion,raw_STFT,beta_abs_mean,raw_shift,0.4582846760749817,0.09177923947572708
ECG5000,film_fusion__raw_GAF,film_fusion,raw_GAF,gamma_abs_mean,raw_modulation,0.4649415612220764,0.08639828860759735
ECG5000,film_fusion__raw_GAF,film_fusion,raw_GAF,beta_abs_mean,raw_shift,0.38986045122146606,0.14234225451946259
ECG5000,film_fusion__raw_stats_STFT,film_fusion,raw_stats_STFT,gamma_abs_mean,raw_modulation,0.45393362641334534,0.10038244724273682
ECG5000,film_fusion__raw_stats_STFT,film_fusion,raw_stats_STFT,beta_abs_mean,raw_shift,0.4288218915462494,0.11673533916473389
ECG5000,film_fusion__raw_stats_GAF_STFT,film_fusion,raw_stats_GAF_STFT,gamma_abs_mean,raw_modulation,0.4606642723083496,0.09277674555778503
ECG5000,film_fusion__raw_stats_GAF_STFT,film_fusion,raw_stats_GAF_STFT,beta_abs_mean,raw_shift,0.423748642206192,0.1115812137722969
MedicalImages,gated_fusion__raw_STFT,gated_fusion,raw_STFT,gate,raw,0.599679708480835,0.1258167177438736
MedicalImages,gated_fusion__raw_STFT,gated_fusion,raw_STFT,gate,stft,0.40032026171684265,0.1258167177438736
MedicalImages,gated_fusion__raw_GAF,gated_fusion,raw_GAF,gate,raw,0.478419691324234,0.2022688239812851
MedicalImages,gated_fusion__raw_GAF,gated_fusion,raw_GAF,gate,gaf,0.5215802788734436,0.2022688239812851
MedicalImages,gated_fusion__raw_stats_STFT,gated_fusion,raw_stats_STFT,gate,raw,0.3523804247379303,0.15134909749031067
MedicalImages,gated_fusion__raw_stats_STFT,gated_fusion,raw_stats_STFT,gate,stats,0.3655253052711487,0.15858499705791473
MedicalImages,gated_fusion__raw_stats_STFT,gated_fusion,raw_stats_STFT,gate,stft,0.2820942997932434,0.1289629340171814
MedicalImages,gated_fusion__raw_stats_GAF_STFT,gated_fusion,raw_stats_GAF_STFT,gate,raw,0.1350286453962326,0.10005918145179749
MedicalImages,gated_fusion__raw_stats_GAF_STFT,gated_fusion,raw_stats_GAF_STFT,gate,stats,0.37279820442199707,0.1626012921333313
MedicalImages,gated_fusion__raw_stats_GAF_STFT,gated_fusion,raw_stats_GAF_STFT,gate,gaf,0.3062685430049896,0.13131657242774963
MedicalImages,gated_fusion__raw_stats_GAF_STFT,gated_fusion,raw_stats_GAF_STFT,gate,stft,0.1859046071767807,0.15739934146404266
MedicalImages,residual_gated_fusion_vector_alpha__raw_STFT,residual_gated_fusion_vector_alpha,raw_STFT,alpha_abs_mean,residual_delta,0.34164947271347046,0.2683495581150055
MedicalImages,residual_gated_fusion_vector_alpha__raw_GAF,residual_gated_fusion_vector_alpha,raw_GAF,alpha_abs_mean,residual_delta,0.32992488145828247,0.28005337715148926
MedicalImages,residual_gated_fusion_vector_alpha__raw_stats_STFT,residual_gated_fusion_vector_alpha,raw_stats_STFT,alpha_abs_mean,residual_delta,0.3571142852306366,0.32159197330474854
MedicalImages,residual_gated_fusion_vector_alpha__raw_stats_GAF_STFT,residual_gated_fusion_vector_alpha,raw_stats_GAF_STFT,alpha_abs_mean,residual_delta,0.38055965304374695,0.3346002399921417
MedicalImages,residual_gated_fusion_scalar_alpha__raw_STFT,residual_gated_fusion_scalar_alpha,raw_STFT,alpha_abs_mean,residual_delta,0.33610114455223083,0.2710776925086975
MedicalImages,residual_gated_fusion_scalar_alpha__raw_GAF,residual_gated_fusion_scalar_alpha,raw_GAF,alpha_abs_mean,residual_delta,0.45644184947013855,0.2078613042831421
MedicalImages,residual_gated_fusion_scalar_alpha__raw_stats_STFT,residual_gated_fusion_scalar_alpha,raw_stats_STFT,alpha_abs_mean,residual_delta,0.6805501580238342,0.1911233812570572
MedicalImages,residual_gated_fusion_scalar_alpha__raw_stats_GAF_STFT,residual_gated_fusion_scalar_alpha,raw_stats_GAF_STFT,alpha_abs_mean,residual_delta,0.8044114112854004,0.17119643092155457
MedicalImages,film_fusion__raw_STFT,film_fusion,raw_STFT,gamma_abs_mean,raw_modulation,0.445536732673645,0.10640234500169754
MedicalImages,film_fusion__raw_STFT,film_fusion,raw_STFT,beta_abs_mean,raw_shift,0.24750860035419464,0.14281433820724487
MedicalImages,film_fusion__raw_GAF,film_fusion,raw_GAF,gamma_abs_mean,raw_modulation,0.4382556974887848,0.11345931887626648
MedicalImages,film_fusion__raw_GAF,film_fusion,raw_GAF,beta_abs_mean,raw_shift,0.24833962321281433,0.15454337000846863
MedicalImages,film_fusion__raw_stats_STFT,film_fusion,raw_stats_STFT,gamma_abs_mean,raw_modulation,0.41495850682258606,0.1280914843082428
MedicalImages,film_fusion__raw_stats_STFT,film_fusion,raw_stats_STFT,beta_abs_mean,raw_shift,0.3768063187599182,0.141941636800766
MedicalImages,film_fusion__raw_stats_GAF_STFT,film_fusion,raw_stats_GAF_STFT,gamma_abs_mean,raw_modulation,0.4236864447593689,0.12253507971763611
MedicalImages,film_fusion__raw_stats_GAF_STFT,film_fusion,raw_stats_GAF_STFT,beta_abs_mean,raw_shift,0.38222968578338623,0.13896743953227997
FacesUCR,gated_fusion__raw_STFT,gated_fusion,raw_STFT,gate,raw,0.5548504590988159,0.20713379979133606
FacesUCR,gated_fusion__raw_STFT,gated_fusion,raw_STFT,gate,stft,0.4451495110988617,0.20713379979133606
FacesUCR,gated_fusion__raw_GAF,gated_fusion,raw_GAF,gate,raw,0.7199782133102417,0.13814975321292877
FacesUCR,gated_fusion__raw_GAF,gated_fusion,raw_GAF,gate,gaf,0.2800218164920807,0.13814975321292877
FacesUCR,gated_fusion__raw_stats_STFT,gated_fusion,raw_stats_STFT,gate,raw,0.39508765935897827,0.21820709109306335
FacesUCR,gated_fusion__raw_stats_STFT,gated_fusion,raw_stats_STFT,gate,stats,0.3375774025917053,0.1353338658809662
FacesUCR,gated_fusion__raw_stats_STFT,gated_fusion,raw_stats_STFT,gate,stft,0.2673349678516388,0.22942396998405457
FacesUCR,gated_fusion__raw_stats_GAF_STFT,gated_fusion,raw_stats_GAF_STFT,gate,raw,0.2868193984031677,0.1849851906299591
FacesUCR,gated_fusion__raw_stats_GAF_STFT,gated_fusion,raw_stats_GAF_STFT,gate,stats,0.3479437828063965,0.18063536286354065
FacesUCR,gated_fusion__raw_stats_GAF_STFT,gated_fusion,raw_stats_GAF_STFT,gate,gaf,0.11682457476854324,0.1658690869808197
FacesUCR,gated_fusion__raw_stats_GAF_STFT,gated_fusion,raw_stats_GAF_STFT,gate,stft,0.24841225147247314,0.2361331731081009
FacesUCR,residual_gated_fusion_vector_alpha__raw_STFT,residual_gated_fusion_vector_alpha,raw_STFT,alpha_abs_mean,residual_delta,0.41023027896881104,0.25027552247047424
FacesUCR,residual_gated_fusion_vector_alpha__raw_GAF,residual_gated_fusion_vector_alpha,raw_GAF,alpha_abs_mean,residual_delta,0.42146241664886475,0.20102842152118683
FacesUCR,residual_gated_fusion_vector_alpha__raw_stats_STFT,residual_gated_fusion_vector_alpha,raw_stats_STFT,alpha_abs_mean,residual_delta,0.46821972727775574,0.3032210171222687
FacesUCR,residual_gated_fusion_vector_alpha__raw_stats_GAF_STFT,residual_gated_fusion_vector_alpha,raw_stats_GAF_STFT,alpha_abs_mean,residual_delta,0.4550568461418152,0.2903192937374115
FacesUCR,residual_gated_fusion_scalar_alpha__raw_STFT,residual_gated_fusion_scalar_alpha,raw_STFT,alpha_abs_mean,residual_delta,0.3185262084007263,0.2384050190448761
FacesUCR,residual_gated_fusion_scalar_alpha__raw_GAF,residual_gated_fusion_scalar_alpha,raw_GAF,alpha_abs_mean,residual_delta,0.21905601024627686,0.23585356771945953
FacesUCR,residual_gated_fusion_scalar_alpha__raw_stats_STFT,residual_gated_fusion_scalar_alpha,raw_stats_STFT,alpha_abs_mean,residual_delta,0.8752375841140747,0.21174399554729462
FacesUCR,residual_gated_fusion_scalar_alpha__raw_stats_GAF_STFT,residual_gated_fusion_scalar_alpha,raw_stats_GAF_STFT,alpha_abs_mean,residual_delta,0.8636969327926636,0.24867944419384003
FacesUCR,film_fusion__raw_STFT,film_fusion,raw_STFT,gamma_abs_mean,raw_modulation,0.4303032159805298,0.11606283485889435
FacesUCR,film_fusion__raw_STFT,film_fusion,raw_STFT,beta_abs_mean,raw_shift,0.26500406861305237,0.16164438426494598
FacesUCR,film_fusion__raw_GAF,film_fusion,raw_GAF,gamma_abs_mean,raw_modulation,0.4327337145805359,0.11419873684644699
FacesUCR,film_fusion__raw_GAF,film_fusion,raw_GAF,beta_abs_mean,raw_shift,0.13503840565681458,0.13216018676757812
FacesUCR,film_fusion__raw_stats_STFT,film_fusion,raw_stats_STFT,gamma_abs_mean,raw_modulation,0.37296196818351746,0.13907577097415924
FacesUCR,film_fusion__raw_stats_STFT,film_fusion,raw_stats_STFT,beta_abs_mean,raw_shift,0.30049940943717957,0.14195431768894196
FacesUCR,film_fusion__raw_stats_GAF_STFT,film_fusion,raw_stats_GAF_STFT,gamma_abs_mean,raw_modulation,0.3940025866031647,0.13229678571224213
FacesUCR,film_fusion__raw_stats_GAF_STFT,film_fusion,raw_stats_GAF_STFT,beta_abs_mean,raw_shift,0.305844247341156,0.144893079996109
SwedishLeaf,gated_fusion__raw_STFT,gated_fusion,raw_STFT,gate,raw,0.5970622301101685,0.18636903166770935
SwedishLeaf,gated_fusion__raw_STFT,gated_fusion,raw_STFT,gate,stft,0.4029378294944763,0.18636903166770935
SwedishLeaf,gated_fusion__raw_GAF,gated_fusion,raw_GAF,gate,raw,0.6735458970069885,0.21472710371017456
SwedishLeaf,gated_fusion__raw_GAF,gated_fusion,raw_GAF,gate,gaf,0.32645416259765625,0.21472710371017456
SwedishLeaf,gated_fusion__raw_stats_STFT,gated_fusion,raw_stats_STFT,gate,raw,0.3861185610294342,0.15230074524879456
SwedishLeaf,gated_fusion__raw_stats_STFT,gated_fusion,raw_stats_STFT,gate,stats,0.4198066294193268,0.13261078298091888
SwedishLeaf,gated_fusion__raw_stats_STFT,gated_fusion,raw_stats_STFT,gate,stft,0.1940748542547226,0.12373736500740051
SwedishLeaf,gated_fusion__raw_stats_GAF_STFT,gated_fusion,raw_stats_GAF_STFT,gate,raw,0.23123279213905334,0.10792656242847443
SwedishLeaf,gated_fusion__raw_stats_GAF_STFT,gated_fusion,raw_stats_GAF_STFT,gate,stats,0.31247326731681824,0.08277235180139542
SwedishLeaf,gated_fusion__raw_stats_GAF_STFT,gated_fusion,raw_stats_GAF_STFT,gate,gaf,0.1619383990764618,0.07951033115386963
SwedishLeaf,gated_fusion__raw_stats_GAF_STFT,gated_fusion,raw_stats_GAF_STFT,gate,stft,0.29435551166534424,0.09216318279504776
SwedishLeaf,residual_gated_fusion_vector_alpha__raw_STFT,residual_gated_fusion_vector_alpha,raw_STFT,alpha_abs_mean,residual_delta,0.3142663240432739,0.23891346156597137
SwedishLeaf,residual_gated_fusion_vector_alpha__raw_GAF,residual_gated_fusion_vector_alpha,raw_GAF,alpha_abs_mean,residual_delta,0.2508411705493927,0.2444048970937729
SwedishLeaf,residual_gated_fusion_vector_alpha__raw_stats_STFT,residual_gated_fusion_vector_alpha,raw_stats_STFT,alpha_abs_mean,residual_delta,0.3117145597934723,0.3369120955467224
SwedishLeaf,residual_gated_fusion_vector_alpha__raw_stats_GAF_STFT,residual_gated_fusion_vector_alpha,raw_stats_GAF_STFT,alpha_abs_mean,residual_delta,0.3362377882003784,0.3372322618961334
SwedishLeaf,residual_gated_fusion_scalar_alpha__raw_STFT,residual_gated_fusion_scalar_alpha,raw_STFT,alpha_abs_mean,residual_delta,0.1380254030227661,0.18913087248802185
SwedishLeaf,residual_gated_fusion_scalar_alpha__raw_GAF,residual_gated_fusion_scalar_alpha,raw_GAF,alpha_abs_mean,residual_delta,0.23178032040596008,0.20082026720046997
SwedishLeaf,residual_gated_fusion_scalar_alpha__raw_stats_STFT,residual_gated_fusion_scalar_alpha,raw_stats_STFT,alpha_abs_mean,residual_delta,0.7461095452308655,0.2687285840511322
SwedishLeaf,residual_gated_fusion_scalar_alpha__raw_stats_GAF_STFT,residual_gated_fusion_scalar_alpha,raw_stats_GAF_STFT,alpha_abs_mean,residual_delta,0.6708138585090637,0.37093013525009155
SwedishLeaf,film_fusion__raw_STFT,film_fusion,raw_STFT,gamma_abs_mean,raw_modulation,0.4446859359741211,0.10766826570034027
SwedishLeaf,film_fusion__raw_STFT,film_fusion,raw_STFT,beta_abs_mean,raw_shift,0.19597168266773224,0.12429139763116837
SwedishLeaf,film_fusion__raw_GAF,film_fusion,raw_GAF,gamma_abs_mean,raw_modulation,0.4395905137062073,0.11157381534576416
SwedishLeaf,film_fusion__raw_GAF,film_fusion,raw_GAF,beta_abs_mean,raw_shift,0.23542006313800812,0.1583811640739441
SwedishLeaf,film_fusion__raw_stats_STFT,film_fusion,raw_stats_STFT,gamma_abs_mean,raw_modulation,0.42542994022369385,0.12079014629125595
SwedishLeaf,film_fusion__raw_stats_STFT,film_fusion,raw_stats_STFT,beta_abs_mean,raw_shift,0.38166314363479614,0.14030180871486664
SwedishLeaf,film_fusion__raw_stats_GAF_STFT,film_fusion,raw_stats_GAF_STFT,gamma_abs_mean,raw_modulation,0.42231324315071106,0.12372146546840668
SwedishLeaf,film_fusion__raw_stats_GAF_STFT,film_fusion,raw_stats_GAF_STFT,beta_abs_mean,raw_shift,0.39354655146598816,0.13327421247959137
