dataset,family,architecture,modalities,feature_config,mean_macro_f1,median_macro_f1,std_macro_f1,n_seeds,q25_macro_f1_by_family,q75_macro_f1_by_family,iqr_macro_f1_by_family
Crop,single,raw_larger,raw_larger,raw_larger,0.7153399798772503,0.7153221071729714,0.001445894116441693,3,0.5667051293593756,0.7078959594044174,0.14119083004504185
Crop,single,raw_only,raw,raw,0.7078959594044174,0.7094660045756903,0.008046206550215105,3,0.5667051293593756,0.7078959594044174,0.14119083004504185
Crop,single,gaf_only,gaf,gaf,0.6739175670153813,0.6737093059195196,0.003065136604269362,3,0.5667051293593756,0.7078959594044174,0.14119083004504185
Crop,single,stft_only,stft,stft,0.5667051293593756,0.5734909864105718,0.020200425865651368,3,0.5667051293593756,0.7078959594044174,0.14119083004504185
Crop,single,stats_only,stats,stats,0.5568436101879315,0.5561251732019757,0.04393173591570804,3,0.5667051293593756,0.7078959594044174,0.14119083004504185
Crop,concat,concat__raw+gaf+stft,raw+gaf+stft,raw+gaf+stft,0.70515202027552,0.7074743346849052,0.005093568931322948,3,0.7011516143488603,0.7042611357558382,0.0031095214069778443
Crop,concat,concat__raw+stats+gaf+stft,raw+stats+gaf+stft,raw+stats+gaf+stft,0.7043535199124072,0.7056203981547308,0.005204037328141183,3,0.7011516143488603,0.7042611357558382,0.0031095214069778443
Crop,concat,concat__raw+stats,raw+stats,raw+stats,0.7041687515992691,0.7078914812804422,0.006498554603902678,3,0.7011516143488603,0.7042611357558382,0.0031095214069778443
Crop,concat,concat__raw+gaf,raw+gaf,raw+gaf,0.7036020733431171,0.7033528670206691,0.007940320879260386,3,0.7011516143488603,0.7042611357558382,0.0031095214069778443
Crop,concat,concat__raw+stats+gaf,raw+stats+gaf,raw+stats+gaf,0.7014425088094444,0.6987135787192319,0.011537893548261381,3,0.7011516143488603,0.7042611357558382,0.0031095214069778443
Crop,concat,concat__raw+stft,raw+stft,raw+stft,0.7008607198882761,0.7051056765750929,0.007415337882643848,3,0.7011516143488603,0.7042611357558382,0.0031095214069778443
Crop,concat,concat__raw+stats+stft,raw+stats+stft,raw+stats+stft,0.6841278533526954,0.6788636134758607,0.01202775869005213,3,0.7011516143488603,0.7042611357558382,0.0031095214069778443
Crop,gated,gated__raw+stats+gaf+stft,raw+stats+gaf+stft,raw+stats+gaf+stft,0.7090359961543303,0.7066473722272208,0.004318678401590059,3,0.7004871189122546,0.707647169278937,0.0071600503666824356
Crop,gated,gated__raw+gaf,raw+gaf,raw+gaf,0.7077754796196766,0.7106741074086047,0.005228675515165686,3,0.7004871189122546,0.707647169278937,0.0071600503666824356
Crop,gated,gated__raw+stats+gaf,raw+stats+gaf,raw+stats+gaf,0.7075188589381973,0.7073077069322039,0.00659007844286253,3,0.7004871189122546,0.707647169278937,0.0071600503666824356
Crop,gated,gated__raw+gaf+stft,raw+gaf+stft,raw+gaf+stft,0.7037688434417909,0.7085757287257527,0.009105857387399158,3,0.7004871189122546,0.707647169278937,0.0071600503666824356
Crop,gated,gated__raw+stats+stft,raw+stats+stft,raw+stats+stft,0.7021099355715403,0.7018109376066038,0.0005931682850700528,3,0.7004871189122546,0.707647169278937,0.0071600503666824356
Crop,gated,gated__raw+stft,raw+stft,raw+stft,0.6988643022529688,0.6978170229203441,0.0038510398403487326,3,0.7004871189122546,0.707647169278937,0.0071600503666824356
Crop,gated,gated__raw+stats,raw+stats,raw+stats,0.6976157874291512,0.6910136695380903,0.012331080867455673,3,0.7004871189122546,0.707647169278937,0.0071600503666824356
Crop,raw_centered_residual,raw_centered_residual__raw+stats+gaf+stft,raw+stats+gaf+stft,raw+stats+gaf+stft,0.7153558745340161,0.7144594164640355,0.0017014468581410165,3,0.7051184328629407,0.7125639033376145,0.00744547047467381
Crop,raw_centered_residual,raw_centered_residual__raw+gaf+stft,raw+gaf+stft,raw+gaf+stft,0.712826004689572,0.7124174330945946,0.000791269299838762,3,0.7051184328629407,0.7125639033376145,0.00744547047467381
Crop,raw_centered_residual,raw_centered_residual__raw+stats+gaf,raw+stats+gaf,raw+stats+gaf,0.712301801985657,0.7114334705200759,0.007646734616733492,3,0.7051184328629407,0.7125639033376145,0.00744547047467381
Crop,raw_centered_residual,raw_centered_residual__raw+stft,raw+stft,raw+stft,0.7083982676518908,0.7060475198554675,0.004474270250272519,3,0.7051184328629407,0.7125639033376145,0.00744547047467381
Crop,raw_centered_residual,raw_centered_residual__raw+stats+stft,raw+stats+stft,raw+stats+stft,0.7056059391663196,0.7079076537396988,0.006537725152112503,3,0.7051184328629407,0.7125639033376145,0.00744547047467381
Crop,raw_centered_residual,raw_centered_residual__raw+gaf,raw+gaf,raw+gaf,0.7046309265595619,0.7035449284000115,0.002716787331803971,3,0.7051184328629407,0.7125639033376145,0.00744547047467381
Crop,raw_centered_residual,raw_centered_residual__raw+stats,raw+stats,raw+stats,0.7031094491131475,0.7059106403881131,0.006674015811899423,3,0.7051184328629407,0.7125639033376145,0.00744547047467381
Crop,film,film__raw+stats+gaf,raw+stats+gaf,raw+stats+gaf,0.7179766477856319,0.7168185733352045,0.004852858155966074,3,0.7085130741413339,0.7136469476634685,0.005133873522134569
Crop,film,film__raw+gaf,raw+gaf,raw+gaf,0.7142390704538876,0.7129110797553517,0.0030181285148814197,3,0.7085130741413339,0.7136469476634685,0.005133873522134569
Crop,film,film__raw+stats+stft,raw+stats+stft,raw+stats+stft,0.7130548248730494,0.713151796073625,0.005360029935581654,3,0.7085130741413339,0.7136469476634685,0.005133873522134569
Crop,film,film__raw+gaf+stft,raw+gaf+stft,raw+gaf+stft,0.7119004278779596,0.7138169105449249,0.003416663067984523,3,0.7085130741413339,0.7136469476634685,0.005133873522134569
Crop,film,film__raw+stft,raw+stft,raw+stft,0.7088758312357085,0.7082635111181631,0.001349133906616776,3,0.7085130741413339,0.7136469476634685,0.005133873522134569
Crop,film,film__raw+stats+gaf+stft,raw+stats+gaf+stft,raw+stats+gaf+stft,0.7081503170469593,0.707117487038501,0.007801330871070343,3,0.7085130741413339,0.7136469476634685,0.005133873522134569
Crop,film,film__raw+stats,raw+stats,raw+stats,0.7024822381239334,0.702545453023338,0.0023125237574675487,3,0.7085130741413339,0.7136469476634685,0.005133873522134569
Crop,bottleneck,context_only_residual_bottleneck__raw+stats+gaf+stft,raw+stats+gaf+stft,context_only_residual_bottleneck,0.7155958916984725,0.7138598014799697,0.004492476469579594,3,0.7074731954741967,0.712053356138258,0.004580160664061306
Crop,bottleneck,raw_conditioned_context_bottleneck__raw+stats+gaf+stft,raw+stats+gaf+stft,raw_conditioned_context_bottleneck,0.7108725109515199,0.7124020491259762,0.003254747613658471,3,0.7074731954741967,0.712053356138258,0.004580160664061306
Crop,bottleneck,raw_residual_bottleneck__raw+stats+gaf+stft,raw+stats+gaf+stft,raw_residual_bottleneck,0.7079821288149629,0.7060204987979793,0.0054581768981782856,3,0.7074731954741967,0.712053356138258,0.004580160664061306
Crop,bottleneck,ordinary_bottleneck__raw+stats+gaf+stft,raw+stats+gaf+stft,ordinary_bottleneck,0.7059463954518983,0.7069599082270402,0.0019071448061041623,3,0.7074731954741967,0.712053356138258,0.004580160664061306
ElectricDevices,single,raw_larger,raw_larger,raw_larger,0.6585656266616858,0.6564011108834613,0.021289851118314943,3,0.5927660905369921,0.6381599933531849,0.04539390281619271
ElectricDevices,single,raw_only,raw,raw,0.6381599933531849,0.6383128667577334,0.02293467114563058,3,0.5927660905369921,0.6381599933531849,0.04539390281619271
ElectricDevices,single,stats_only,stats,stats,0.6278616530438584,0.6241604620108909,0.007817655440315608,3,0.5927660905369921,0.6381599933531849,0.04539390281619271
ElectricDevices,single,gaf_only,gaf,gaf,0.5927660905369921,0.5860150308773637,0.02392941008800125,3,0.5927660905369921,0.6381599933531849,0.04539390281619271
ElectricDevices,single,stft_only,stft,stft,0.5900599049270613,0.5924546100914637,0.004923371020866476,3,0.5927660905369921,0.6381599933531849,0.04539390281619271
ElectricDevices,concat,concat__raw+stats+stft,raw+stats+stft,raw+stats+stft,0.6833673720855552,0.6864192830810399,0.015562803998125213,3,0.6688374976993958,0.6733928872363419,0.0045553895369461195
ElectricDevices,concat,concat__raw+stats+gaf+stft,raw+stats+gaf+stft,raw+stats+gaf+stft,0.67521134450066,0.6725351305229755,0.005699519490927485,3,0.6688374976993958,0.6733928872363419,0.0045553895369461195
ElectricDevices,concat,concat__raw+gaf+stft,raw+gaf+stft,raw+gaf+stft,0.6715744299720239,0.6804028055739834,0.024547345882906933,3,0.6688374976993958,0.6733928872363419,0.0045553895369461195
ElectricDevices,concat,concat__raw+stats,raw+stats,raw+stats,0.6692171316239112,0.6665436971141914,0.01809421173080515,3,0.6688374976993958,0.6733928872363419,0.0045553895369461195
ElectricDevices,concat,concat__raw+gaf,raw+gaf,raw+gaf,0.6691266860967492,0.6668867511355795,0.012559324692994828,3,0.6688374976993958,0.6733928872363419,0.0045553895369461195
ElectricDevices,concat,concat__raw+stft,raw+stft,raw+stft,0.6685483093020426,0.660938395503905,0.015471461942863236,3,0.6688374976993958,0.6733928872363419,0.0045553895369461195
ElectricDevices,concat,concat__raw+stats+gaf,raw+stats+gaf,raw+stats+gaf,0.6379750102741989,0.6389352833806484,0.01067347749565328,3,0.6688374976993958,0.6733928872363419,0.0045553895369461195
ElectricDevices,gated,gated__raw+stats+stft,raw+stats+stft,raw+stats+stft,0.683445084338043,0.6847738370044061,0.012904812772090882,3,0.6576437135950662,0.6671449569677292,0.009501243372663004
ElectricDevices,gated,gated__raw+stats,raw+stats,raw+stats,0.673285208421396,0.679638705383071,0.011657793058750567,3,0.6576437135950662,0.6671449569677292,0.009501243372663004
ElectricDevices,gated,gated__raw+gaf+stft,raw+gaf+stft,raw+gaf+stft,0.6610047055140625,0.6594095469838798,0.009319720468399276,3,0.6576437135950662,0.6671449569677292,0.009501243372663004
ElectricDevices,gated,gated__raw+stats+gaf+stft,raw+stats+gaf+stft,raw+stats+gaf+stft,0.6595548312409636,0.6652049263656228,0.01385167941720633,3,0.6576437135950662,0.6671449569677292,0.009501243372663004
ElectricDevices,gated,gated__raw+stft,raw+stft,raw+stft,0.6590243709758089,0.6580525984151825,0.011794130659205876,3,0.6576437135950662,0.6671449569677292,0.009501243372663004
ElectricDevices,gated,gated__raw+gaf,raw+gaf,raw+gaf,0.6562630562143236,0.6627429975322927,0.014594255198399363,3,0.6576437135950662,0.6671449569677292,0.009501243372663004
ElectricDevices,gated,gated__raw+stats+gaf,raw+stats+gaf,raw+stats+gaf,0.6313229085287997,0.634483104447996,0.006249248747348494,3,0.6576437135950662,0.6671449569677292,0.009501243372663004
ElectricDevices,raw_centered_residual,raw_centered_residual__raw+stats,raw+stats,raw+stats,0.6848451932323192,0.6815976625685903,0.009562620578915076,3,0.6625808480017654,0.6794429144855356,0.0168620664837702
ElectricDevices,raw_centered_residual,raw_centered_residual__raw+gaf+stft,raw+gaf+stft,raw+gaf+stft,0.680208954871644,0.6775605720641893,0.02358002560594921,3,0.6625808480017654,0.6794429144855356,0.0168620664837702
ElectricDevices,raw_centered_residual,raw_centered_residual__raw+stats+stft,raw+stats+stft,raw+stats+stft,0.6786768740994272,0.6816861001176291,0.012868073259410565,3,0.6625808480017654,0.6794429144855356,0.0168620664837702
ElectricDevices,raw_centered_residual,raw_centered_residual__raw+stats+gaf+stft,raw+stats+gaf+stft,raw+stats+gaf+stft,0.675469266911601,0.6702207587440858,0.021937502350225468,3,0.6625808480017654,0.6794429144855356,0.0168620664837702
ElectricDevices,raw_centered_residual,raw_centered_residual__raw+stats+gaf,raw+stats+gaf,raw+stats+gaf,0.6657479965873275,0.6641216315018293,0.006207915375156093,3,0.6625808480017654,0.6794429144855356,0.0168620664837702
ElectricDevices,raw_centered_residual,raw_centered_residual__raw+stft,raw+stft,raw+stft,0.6594136994162033,0.6564674024813701,0.021874793603762745,3,0.6625808480017654,0.6794429144855356,0.0168620664837702
ElectricDevices,raw_centered_residual,raw_centered_residual__raw+gaf,raw+gaf,raw+gaf,0.6558473277852719,0.6388526170678427,0.030415877913537087,3,0.6625808480017654,0.6794429144855356,0.0168620664837702
ElectricDevices,film,film__raw+gaf+stft,raw+gaf+stft,raw+gaf+stft,0.6843525121158769,0.695071663701205,0.01917558659907908,3,0.6695420898076938,0.6795238733910891,0.009981783583395298
ElectricDevices,film,film__raw+stft,raw+stft,raw+stft,0.6808516041776977,0.6793875079250057,0.007188909277471899,3,0.6695420898076938,0.6795238733910891,0.009981783583395298
ElectricDevices,film,film__raw+stats+stft,raw+stats+stft,raw+stats+stft,0.6781961426044804,0.6692717546152548,0.021850044293908123,3,0.6695420898076938,0.6795238733910891,0.009981783583395298
ElectricDevices,film,film__raw+stats,raw+stats,raw+stats,0.6775229215102958,0.6714173616085128,0.010595240519781385,3,0.6695420898076938,0.6795238733910891,0.009981783583395298
ElectricDevices,film,film__raw+stats+gaf+stft,raw+stats+gaf+stft,raw+stats+gaf+stft,0.6698835110067155,0.6710336560257987,0.032076309800265296,3,0.6695420898076938,0.6795238733910891,0.009981783583395298
ElectricDevices,film,film__raw+stats+gaf,raw+stats+gaf,raw+stats+gaf,0.6692006686086721,0.6742523014464302,0.01006700641617612,3,0.6695420898076938,0.6795238733910891,0.009981783583395298
ElectricDevices,film,film__raw+gaf,raw+gaf,raw+gaf,0.6614462717269154,0.6653835805124867,0.007194067943165459,3,0.6695420898076938,0.6795238733910891,0.009981783583395298
ElectricDevices,bottleneck,raw_conditioned_context_bottleneck__raw+stats+gaf+stft,raw+stats+gaf+stft,raw_conditioned_context_bottleneck,0.6731186073551169,0.6741195117370997,0.01216055306578992,3,0.6583302485704825,0.6690222248500641,0.010691976279581628
ElectricDevices,bottleneck,context_only_residual_bottleneck__raw+stats+gaf+stft,raw+stats+gaf+stft,context_only_residual_bottleneck,0.6676567640150465,0.6670382568538367,0.011112587360396737,3,0.6583302485704825,0.6690222248500641,0.010691976279581628
ElectricDevices,bottleneck,raw_residual_bottleneck__raw+stats+gaf+stft,raw+stats+gaf+stft,raw_residual_bottleneck,0.6638337999788236,0.6755459733135171,0.03777389020455872,3,0.6583302485704825,0.6690222248500641,0.010691976279581628
ElectricDevices,bottleneck,ordinary_bottleneck__raw+stats+gaf+stft,raw+stats+gaf+stft,ordinary_bottleneck,0.6418195943454591,0.6407349687408737,0.003002011642861771,3,0.6583302485704825,0.6690222248500641,0.010691976279581628
FordA,single,stft_only,stft,stft,0.9461912687360664,0.9469385129920248,0.004967308459884233,3,0.9167627913761383,0.9380655494302116,0.021302758054073334
FordA,single,gaf_only,gaf,gaf,0.9380655494302116,0.9369866433079368,0.0031895049276130607,3,0.9167627913761383,0.9380655494302116,0.021302758054073334
FordA,single,raw_larger,raw_larger,raw_larger,0.9218916295539809,0.9249047949334296,0.0066033727341020055,3,0.9167627913761383,0.9380655494302116,0.021302758054073334
FordA,single,raw_only,raw,raw,0.9167627913761383,0.9202237418979036,0.0075068104656925705,3,0.9167627913761383,0.9380655494302116,0.021302758054073334
FordA,single,stats_only,stats,stats,0.8496607312899127,0.8483896158314763,0.006227649481058077,3,0.9167627913761383,0.9380655494302116,0.021302758054073334
FordA,concat,concat__raw+stft,raw+stft,raw+stft,0.9449088587145562,0.9446702638268356,0.00046257915094635645,3,0.9364422706758755,0.9421438895615233,0.005701618885647797
FordA,concat,concat__raw+stats+gaf+stft,raw+stats+gaf+stft,raw+stats+gaf+stft,0.9426369541475808,0.9453697657521772,0.005466803668518965,3,0.9364422706758755,0.9421438895615233,0.005701618885647797
FordA,concat,concat__raw+gaf,raw+gaf,raw+gaf,0.9416508249754657,0.9431614301502778,0.006201553205154867,3,0.9364422706758755,0.9421438895615233,0.005701618885647797
FordA,concat,concat__raw+gaf+stft,raw+gaf+stft,raw+gaf+stft,0.9413384539103961,0.9408492068416372,0.004568321884657415,3,0.9364422706758755,0.9421438895615233,0.005701618885647797
FordA,concat,concat__raw+stats+stft,raw+stats+stft,raw+stats+stft,0.9406251438999784,0.9408824907442284,0.003417232943315889,3,0.9364422706758755,0.9421438895615233,0.005701618885647797
FordA,concat,concat__raw+stats+gaf,raw+stats+gaf,raw+stats+gaf,0.9322593974517727,0.9340545376553528,0.004472490500326233,3,0.9364422706758755,0.9421438895615233,0.005701618885647797
FordA,concat,concat__raw+stats,raw+stats,raw+stats,0.9137672050966588,0.9143632214264183,0.007738266744261568,3,0.9364422706758755,0.9421438895615233,0.005701618885647797
FordA,gated,gated__raw+stft,raw+stft,raw+stft,0.9438952897972741,0.944662383686774,0.002744161581567551,3,0.9346887705424362,0.9421022865620938,0.007413516019657673
FordA,gated,gated__raw+stats+gaf+stft,raw+stats+gaf+stft,raw+stats+gaf+stft,0.9426444046585692,0.9461601786388268,0.008160959627007101,3,0.9346887705424362,0.9421022865620938,0.007413516019657673
FordA,gated,gated__raw+gaf+stft,raw+gaf+stft,raw+gaf+stft,0.9415601684656184,0.941610334580136,0.0007938291015952559,3,0.9346887705424362,0.9421022865620938,0.007413516019657673
FordA,gated,gated__raw+gaf,raw+gaf,raw+gaf,0.9393614488910917,0.9400879376703124,0.004974827160737643,3,0.9346887705424362,0.9421022865620938,0.007413516019657673
FordA,gated,gated__raw+stats+stft,raw+stats+stft,raw+stats+stft,0.9350701291646254,0.9370986493663074,0.004845015251896763,3,0.9346887705424362,0.9421022865620938,0.007413516019657673
FordA,gated,gated__raw+stats+gaf,raw+stats+gaf,raw+stats+gaf,0.9343074119202469,0.9317555147058824,0.008607370108525109,3,0.9346887705424362,0.9421022865620938,0.007413516019657673
FordA,gated,gated__raw+stats,raw+stats,raw+stats,0.9129353559598546,0.9148840133477344,0.009389344165111477,3,0.9346887705424362,0.9421022865620938,0.007413516019657673
FordA,raw_centered_residual,raw_centered_residual__raw+stats+gaf+stft,raw+stats+gaf+stft,raw+stats+gaf+stft,0.9441817020808552,0.9469637309982069,0.0068748836491307206,3,0.9325453307140181,0.9433842309475104,0.010838900233492321
FordA,raw_centered_residual,raw_centered_residual__raw+gaf+stft,raw+gaf+stft,raw+gaf+stft,0.9436144170470132,0.943934760448522,0.0034777933898137926,3,0.9325453307140181,0.9433842309475104,0.010838900233492321
FordA,raw_centered_residual,raw_centered_residual__raw+stft,raw+stft,raw+stft,0.9431540448480078,0.9438770350894934,0.00271988936617611,3,0.9325453307140181,0.9433842309475104,0.010838900233492321
FordA,raw_centered_residual,raw_centered_residual__raw+gaf,raw+gaf,raw+gaf,0.9368214200913986,0.937066275140317,0.0004288684768682969,3,0.9325453307140181,0.9433842309475104,0.010838900233492321
FordA,raw_centered_residual,raw_centered_residual__raw+stats+gaf,raw+stats+gaf,raw+stats+gaf,0.9332963029076172,0.9287224264705882,0.008547969295607796,3,0.9325453307140181,0.9433842309475104,0.010838900233492321
FordA,raw_centered_residual,raw_centered_residual__raw+stats+stft,raw+stats+stft,raw+stats+stft,0.931794358520419,0.9363051470588236,0.008529381304853274,3,0.9325453307140181,0.9433842309475104,0.010838900233492321
FordA,raw_centered_residual,raw_centered_residual__raw+stats,raw+stats,raw+stats,0.918063124656617,0.9195906432748536,0.004781611708543407,3,0.9325453307140181,0.9433842309475104,0.010838900233492321
FordA,film,film__raw+stats+gaf+stft,raw+stats+gaf+stft,raw+stats+gaf+stft,0.9426622478165586,0.9469422911283376,0.009465600773512066,3,0.9307531260579474,0.9406243293895187,0.009871203331571321
FordA,film,film__raw+gaf+stft,raw+gaf+stft,raw+gaf+stft,0.9418781732396493,0.943910422049957,0.007756891144502452,3,0.9307531260579474,0.9406243293895187,0.009871203331571321
FordA,film,film__raw+stft,raw+stft,raw+stft,0.9393704855393882,0.9416457349542852,0.006013294116900606,3,0.9307531260579474,0.9406243293895187,0.009871203331571321
FordA,film,film__raw+gaf,raw+gaf,raw+gaf,0.9355860684268631,0.9340772508537408,0.0026159710453063836,3,0.9307531260579474,0.9406243293895187,0.009871203331571321
FordA,film,film__raw+stats+stft,raw+stats+stft,raw+stats+stft,0.9340636586058597,0.9348101731044874,0.006456136086984352,3,0.9307531260579474,0.9406243293895187,0.009871203331571321
FordA,film,film__raw+stats+gaf,raw+stats+gaf,raw+stats+gaf,0.927442593510035,0.9300950486295314,0.004751738938210156,3,0.9307531260579474,0.9406243293895187,0.009871203331571321
FordA,film,film__raw+stats,raw+stats,raw+stats,0.9183777670926595,0.9211940298507464,0.006944873170003268,3,0.9307531260579474,0.9406243293895187,0.009871203331571321
FordA,bottleneck,ordinary_bottleneck__raw+stats+gaf+stft,raw+stats+gaf+stft,ordinary_bottleneck,0.9482014575942473,0.9477113976867404,0.0030342940332707914,3,0.9409282702338365,0.943802481199358,0.0028742109655214287
FordA,bottleneck,raw_residual_bottleneck__raw+stats+gaf+stft,raw+stats+gaf+stft,raw_residual_bottleneck,0.9423361557343948,0.9422224986695972,0.0014981204113411113,3,0.9409282702338365,0.943802481199358,0.0028742109655214287
FordA,bottleneck,raw_conditioned_context_bottleneck__raw+stats+gaf+stft,raw+stats+gaf+stft,raw_conditioned_context_bottleneck,0.9413640358234975,0.9415926182815564,0.0011159618319316394,3,0.9409282702338365,0.943802481199358,0.0028742109655214287
FordA,bottleneck,context_only_residual_bottleneck__raw+stats+gaf+stft,raw+stats+gaf+stft,context_only_residual_bottleneck,0.9396209734648536,0.9371081818489712,0.004383854534383495,3,0.9409282702338365,0.943802481199358,0.0028742109655214287
NonInvasiveFetalECGThorax1,single,stft_only,stft,stft,0.8757840289863927,0.8810524873067971,0.013677430979932497,3,0.829276335560844,0.8708794311886013,0.041603095627757325
NonInvasiveFetalECGThorax1,single,stats_only,stats,stats,0.8708794311886013,0.8752120291885764,0.010342986015540104,3,0.829276335560844,0.8708794311886013,0.041603095627757325
NonInvasiveFetalECGThorax1,single,gaf_only,gaf,gaf,0.8335374801216483,0.8345264153999401,0.0027672459639714294,3,0.829276335560844,0.8708794311886013,0.041603095627757325
NonInvasiveFetalECGThorax1,single,raw_larger,raw_larger,raw_larger,0.829276335560844,0.8327723513417338,0.05294974934210769,3,0.829276335560844,0.8708794311886013,0.041603095627757325
NonInvasiveFetalECGThorax1,single,raw_only,raw,raw,0.7713877374944428,0.7635673336245165,0.062026412496128044,3,0.829276335560844,0.8708794311886013,0.041603095627757325
NonInvasiveFetalECGThorax1,concat,concat__raw+stats+gaf+stft,raw+stats+gaf+stft,raw+stats+gaf+stft,0.9079456054974328,0.9105381961547578,0.016222097179028592,3,0.8487939585917214,0.8746601298767194,0.02586617128499802
NonInvasiveFetalECGThorax1,concat,concat__raw+stats+gaf,raw+stats+gaf,raw+stats+gaf,0.8759304080363192,0.8937520666715767,0.03296277609136487,3,0.8487939585917214,0.8746601298767194,0.02586617128499802
NonInvasiveFetalECGThorax1,concat,concat__raw+stats+stft,raw+stats+stft,raw+stats+stft,0.8733898517171195,0.8941914051135161,0.036865397012784004,3,0.8487939585917214,0.8746601298767194,0.02586617128499802
NonInvasiveFetalECGThorax1,concat,concat__raw+gaf+stft,raw+gaf+stft,raw+gaf+stft,0.8619031113825898,0.8616427704747871,0.00837078681465958,3,0.8487939585917214,0.8746601298767194,0.02586617128499802
NonInvasiveFetalECGThorax1,concat,concat__raw+stats,raw+stats,raw+stats,0.8531360142895178,0.8581372685978831,0.01210598266193807,3,0.8487939585917214,0.8746601298767194,0.02586617128499802
NonInvasiveFetalECGThorax1,concat,concat__raw+stft,raw+stft,raw+stft,0.8444519028939249,0.830912229583429,0.029579648569593116,3,0.8487939585917214,0.8746601298767194,0.02586617128499802
NonInvasiveFetalECGThorax1,concat,concat__raw+gaf,raw+gaf,raw+gaf,0.8248507519150664,0.830061370393941,0.012508573386922088,3,0.8487939585917214,0.8746601298767194,0.02586617128499802
NonInvasiveFetalECGThorax1,gated,gated__raw+stats+gaf+stft,raw+stats+gaf+stft,raw+stats+gaf+stft,0.9178844266501628,0.916418184770426,0.004128748213831238,3,0.8694651894425688,0.8901762527032531,0.02071106326068428
NonInvasiveFetalECGThorax1,gated,gated__raw+stats+gaf,raw+stats+gaf,raw+stats+gaf,0.8910483217764185,0.8805661175003388,0.02208088203919322,3,0.8694651894425688,0.8901762527032531,0.02071106326068428
NonInvasiveFetalECGThorax1,gated,gated__raw+stats,raw+stats,raw+stats,0.8893041836300877,0.8894141489316574,0.004302124208180855,3,0.8694651894425688,0.8901762527032531,0.02071106326068428
NonInvasiveFetalECGThorax1,gated,gated__raw+gaf+stft,raw+gaf+stft,raw+gaf+stft,0.8842479339318611,0.8996385635360098,0.031898824803547256,3,0.8694651894425688,0.8901762527032531,0.02071106326068428
NonInvasiveFetalECGThorax1,gated,gated__raw+stats+stft,raw+stats+stft,raw+stats+stft,0.8773188697258428,0.8823488949931683,0.010241987368239102,3,0.8694651894425688,0.8901762527032531,0.02071106326068428
NonInvasiveFetalECGThorax1,gated,gated__raw+gaf,raw+gaf,raw+gaf,0.8616115091592947,0.8662957499195842,0.012747268135333388,3,0.8694651894425688,0.8901762527032531,0.02071106326068428
NonInvasiveFetalECGThorax1,gated,gated__raw+stft,raw+stft,raw+stft,0.8102615007410844,0.8044868657054062,0.06927602002073319,3,0.8694651894425688,0.8901762527032531,0.02071106326068428
NonInvasiveFetalECGThorax1,raw_centered_residual,raw_centered_residual__raw+stats+gaf+stft,raw+stats+gaf+stft,raw+stats+gaf+stft,0.8984986304022677,0.8953578639395924,0.007496826917015215,3,0.8504820408585425,0.890494640756221,0.04001259989767847
NonInvasiveFetalECGThorax1,raw_centered_residual,raw_centered_residual__raw+stats+stft,raw+stats+stft,raw+stats+stft,0.896226423246732,0.895263631443767,0.008188752924289054,3,0.8504820408585425,0.890494640756221,0.04001259989767847
NonInvasiveFetalECGThorax1,raw_centered_residual,raw_centered_residual__raw+stats+gaf,raw+stats+gaf,raw+stats+gaf,0.88476285826571,0.8875519977209918,0.010914941368743998,3,0.8504820408585425,0.890494640756221,0.04001259989767847
NonInvasiveFetalECGThorax1,raw_centered_residual,raw_centered_residual__raw+stats,raw+stats,raw+stats,0.8525510669064378,0.8895576291916664,0.06628575534295182,3,0.8504820408585425,0.890494640756221,0.04001259989767847
NonInvasiveFetalECGThorax1,raw_centered_residual,raw_centered_residual__raw+gaf+stft,raw+gaf+stft,raw+gaf+stft,0.850529639876954,0.8522539042246216,0.01411992432028658,3,0.8504820408585425,0.890494640756221,0.04001259989767847
NonInvasiveFetalECGThorax1,raw_centered_residual,raw_centered_residual__raw+gaf,raw+gaf,raw+gaf,0.8504344418401312,0.8540764759865443,0.012345081970155311,3,0.8504820408585425,0.890494640756221,0.04001259989767847
NonInvasiveFetalECGThorax1,raw_centered_residual,raw_centered_residual__raw+stft,raw+stft,raw+stft,0.7742748978483567,0.755283865147334,0.04111620169230185,3,0.8504820408585425,0.890494640756221,0.04001259989767847
NonInvasiveFetalECGThorax1,film,film__raw+stats+gaf,raw+stats+gaf,raw+stats+gaf,0.8929151997921146,0.9016453316754068,0.018268229146817243,3,0.8184908106637407,0.8787160327429746,0.060225222079233864
NonInvasiveFetalECGThorax1,film,film__raw+stats+gaf+stft,raw+stats+gaf+stft,raw+stats+gaf+stft,0.8905363889106077,0.8879421308335322,0.010635827619766447,3,0.8184908106637407,0.8787160327429746,0.060225222079233864
NonInvasiveFetalECGThorax1,film,film__raw+stats,raw+stats,raw+stats,0.8668956765753415,0.875806144939037,0.016427153010496586,3,0.8184908106637407,0.8787160327429746,0.060225222079233864
NonInvasiveFetalECGThorax1,film,film__raw+stats+stft,raw+stats+stft,raw+stats+stft,0.8631339171036901,0.8571442690378545,0.0379186511002868,3,0.8184908106637407,0.8787160327429746,0.060225222079233864
NonInvasiveFetalECGThorax1,film,film__raw+gaf+stft,raw+gaf+stft,raw+gaf+stft,0.8402105032081648,0.8397500364407045,0.02552124791657509,3,0.8184908106637407,0.8787160327429746,0.060225222079233864
NonInvasiveFetalECGThorax1,film,film__raw+gaf,raw+gaf,raw+gaf,0.7967711181193167,0.7750519492427314,0.03941494539886464,3,0.8184908106637407,0.8787160327429746,0.060225222079233864
NonInvasiveFetalECGThorax1,film,film__raw+stft,raw+stft,raw+stft,0.7586623789150863,0.8154797618789639,0.0986706355048496,3,0.8184908106637407,0.8787160327429746,0.060225222079233864
NonInvasiveFetalECGThorax1,bottleneck,ordinary_bottleneck__raw+stats+gaf+stft,raw+stats+gaf+stft,ordinary_bottleneck,0.907899236112038,0.9087055946206778,0.007542919205513052,3,0.8970191039007382,0.9022399147199924,0.005220810819254185
NonInvasiveFetalECGThorax1,bottleneck,context_only_residual_bottleneck__raw+stats+gaf+stft,raw+stats+gaf+stft,context_only_residual_bottleneck,0.9003534742559772,0.9017456860417588,0.002496676385532292,3,0.8970191039007382,0.9022399147199924,0.005220810819254185
NonInvasiveFetalECGThorax1,bottleneck,raw_residual_bottleneck__raw+stats+gaf+stft,raw+stats+gaf+stft,raw_residual_bottleneck,0.9001354159357894,0.9001758025203765,0.009326787927201267,3,0.8970191039007382,0.9022399147199924,0.005220810819254185
NonInvasiveFetalECGThorax1,bottleneck,raw_conditioned_context_bottleneck__raw+stats+gaf+stft,raw+stats+gaf+stft,raw_conditioned_context_bottleneck,0.8876701677955846,0.8926788312435198,0.009241819525064067,3,0.8970191039007382,0.9022399147199924,0.005220810819254185
StarLightCurves,single,stft_only,stft,stft,0.9652900562507772,0.9658564870379308,0.0011001885748069646,3,0.9426499404734606,0.9628384875723551,0.020188547098894505
StarLightCurves,single,gaf_only,gaf,gaf,0.9628384875723551,0.9628039557544256,0.0008761650173327641,3,0.9426499404734606,0.9628384875723551,0.020188547098894505
StarLightCurves,single,stats_only,stats,stats,0.9516675811076595,0.944895376837758,0.012273442612898065,3,0.9426499404734606,0.9628384875723551,0.020188547098894505
StarLightCurves,single,raw_larger,raw_larger,raw_larger,0.9426499404734606,0.9518669945574968,0.018563580928913945,3,0.9426499404734606,0.9628384875723551,0.020188547098894505
StarLightCurves,single,raw_only,raw,raw,0.9409060588557853,0.946434152107686,0.02524227618467766,3,0.9426499404734606,0.9628384875723551,0.020188547098894505
StarLightCurves,concat,concat__raw+stats+gaf,raw+stats+gaf,raw+stats+gaf,0.9614714789721605,0.9642188335562112,0.0069157293297646485,3,0.9561800152649269,0.9607449816377334,0.004564966372806456
StarLightCurves,concat,concat__raw+stats+gaf+stft,raw+stats+gaf+stft,raw+stats+gaf+stft,0.9608229310221716,0.962123625304956,0.004309875493062627,3,0.9561800152649269,0.9607449816377334,0.004564966372806456
StarLightCurves,concat,concat__raw+stats,raw+stats,raw+stats,0.960667032253295,0.9644395804591208,0.007532868878691866,3,0.9561800152649269,0.9607449816377334,0.004564966372806456
StarLightCurves,concat,concat__raw+stft,raw+stft,raw+stft,0.9594413350210479,0.9636454361127068,0.00966997319448149,3,0.9561800152649269,0.9607449816377334,0.004564966372806456
StarLightCurves,concat,concat__raw+gaf,raw+gaf,raw+gaf,0.9587213479019522,0.9592828798381547,0.002513632629008239,3,0.9561800152649269,0.9607449816377334,0.004564966372806456
StarLightCurves,concat,concat__raw+stats+stft,raw+stats+stft,raw+stats+stft,0.9536386826279015,0.9515551662505728,0.009400143942825148,3,0.9561800152649269,0.9607449816377334,0.004564966372806456
StarLightCurves,concat,concat__raw+gaf+stft,raw+gaf+stft,raw+gaf+stft,0.945790558518334,0.9504294100370738,0.011191963405825414,3,0.9561800152649269,0.9607449816377334,0.004564966372806456
StarLightCurves,gated,gated__raw+stft,raw+stft,raw+stft,0.9652998502444712,0.9652466627116332,0.0006065667698040701,3,0.9600543124700613,0.9634702211116305,0.003415908641569154
StarLightCurves,gated,gated__raw+stats+gaf,raw+stats+gaf,raw+stats+gaf,0.9641151378702554,0.9641173860864994,0.0011500419280168798,3,0.9600543124700613,0.9634702211116305,0.003415908641569154
StarLightCurves,gated,gated__raw+gaf,raw+gaf,raw+gaf,0.9628253043530056,0.963610923063846,0.004648207219304764,3,0.9600543124700613,0.9634702211116305,0.003415908641569154
StarLightCurves,gated,gated__raw+stats,raw+stats,raw+stats,0.961537909493003,0.963186597385534,0.0029415378644136675,3,0.9600543124700613,0.9634702211116305,0.003415908641569154
StarLightCurves,gated,gated__raw+stats+stft,raw+stats+stft,raw+stats+stft,0.960389134514287,0.9611336913375192,0.0016604691814704753,3,0.9600543124700613,0.9634702211116305,0.003415908641569154
StarLightCurves,gated,gated__raw+stats+gaf+stft,raw+stats+gaf+stft,raw+stats+gaf+stft,0.9597194904258357,0.9592087740198356,0.0013685135372110747,3,0.9600543124700613,0.9634702211116305,0.003415908641569154
StarLightCurves,gated,gated__raw+gaf+stft,raw+gaf+stft,raw+gaf+stft,0.9585000025450632,0.9566480670363394,0.005297854088599641,3,0.9600543124700613,0.9634702211116305,0.003415908641569154
StarLightCurves,raw_centered_residual,raw_centered_residual__raw+stft,raw+stft,raw+stft,0.9643721213707432,0.9654262679520784,0.0027342724495015604,3,0.9607490687422315,0.9621044882182783,0.001355419476046782
StarLightCurves,raw_centered_residual,raw_centered_residual__raw+gaf+stft,raw+gaf+stft,raw+gaf+stft,0.9621739136945545,0.9624181375648496,0.0005218950823772438,3,0.9607490687422315,0.9621044882182783,0.001355419476046782
StarLightCurves,raw_centered_residual,raw_centered_residual__raw+stats+gaf+stft,raw+stats+gaf+stft,raw+stats+gaf+stft,0.9620350627420021,0.9624972335637344,0.002204587715308631,3,0.9607490687422315,0.9621044882182783,0.001355419476046782
StarLightCurves,raw_centered_residual,raw_centered_residual__raw+stats+gaf,raw+stats+gaf,raw+stats+gaf,0.9609329718810082,0.9607670304165088,0.0029785463598977916,3,0.9607490687422315,0.9621044882182783,0.001355419476046782
StarLightCurves,raw_centered_residual,raw_centered_residual__raw+stats+stft,raw+stats+stft,raw+stats+stft,0.9608619180747979,0.9598073233120438,0.004969450689291616,3,0.9607490687422315,0.9621044882182783,0.001355419476046782
StarLightCurves,raw_centered_residual,raw_centered_residual__raw+stats,raw+stats,raw+stats,0.9606362194096651,0.9629077876889416,0.004331022482858582,3,0.9607490687422315,0.9621044882182783,0.001355419476046782
StarLightCurves,raw_centered_residual,raw_centered_residual__raw+gaf,raw+gaf,raw+gaf,0.9559015376576526,0.9555693531841222,0.005738578310903311,3,0.9607490687422315,0.9621044882182783,0.001355419476046782
StarLightCurves,film,film__raw+stft,raw+stft,raw+stft,0.9658574454340166,0.9659526680168266,0.00434392874180297,3,0.9566659500495243,0.9640847000737498,0.00741875002422554
StarLightCurves,film,film__raw+stats+gaf+stft,raw+stats+gaf+stft,raw+stats+gaf+stft,0.9656121505150517,0.9669229451469704,0.0030493013116634224,3,0.9566659500495243,0.9640847000737498,0.00741875002422554
StarLightCurves,film,film__raw+stats+gaf,raw+stats+gaf,raw+stats+gaf,0.962557249632448,0.9643352590147508,0.0040125337501875835,3,0.9566659500495243,0.9640847000737498,0.00741875002422554
StarLightCurves,film,film__raw+stats,raw+stats,raw+stats,0.9590874043799565,0.960645497675713,0.003914118967974354,3,0.9566659500495243,0.9640847000737498,0.00741875002422554
StarLightCurves,film,film__raw+gaf+stft,raw+gaf+stft,raw+gaf+stft,0.9584489366960974,0.9554679876471064,0.0062248444881262775,3,0.9566659500495243,0.9640847000737498,0.00741875002422554
StarLightCurves,film,film__raw+gaf,raw+gaf,raw+gaf,0.9548829634029512,0.9557749364660156,0.004085818748495652,3,0.9566659500495243,0.9640847000737498,0.00741875002422554
StarLightCurves,film,film__raw+stats+stft,raw+stats+stft,raw+stats+stft,0.950400745472784,0.9523384075921634,0.008627623145257184,3,0.9566659500495243,0.9640847000737498,0.00741875002422554
StarLightCurves,bottleneck,raw_residual_bottleneck__raw+stats+gaf+stft,raw+stats+gaf+stft,raw_residual_bottleneck,0.9640288780838517,0.9640090966162213,0.003517343946776097,3,0.9601206184404547,0.9629006398960828,0.0027800214556280567
StarLightCurves,bottleneck,context_only_residual_bottleneck__raw+stats+gaf+stft,raw+stats+gaf+stft,context_only_residual_bottleneck,0.9625245605001598,0.9641890877652104,0.0043135444737481725,3,0.9601206184404547,0.9629006398960828,0.0027800214556280567
StarLightCurves,bottleneck,raw_conditioned_context_bottleneck__raw+stats+gaf+stft,raw+stats+gaf+stft,raw_conditioned_context_bottleneck,0.9615113614737902,0.9605349344389532,0.003762586372537425,3,0.9601206184404547,0.9629006398960828,0.0027800214556280567
StarLightCurves,bottleneck,ordinary_bottleneck__raw+stats+gaf+stft,raw+stats+gaf+stft,ordinary_bottleneck,0.9559483893404482,0.9584668977111096,0.008675955554974002,3,0.9601206184404547,0.9629006398960828,0.0027800214556280567
UWaveGestureLibraryAll,single,stats_only,stats,stats,0.9534267371322817,0.9514082131271752,0.0037302027359618884,3,0.7129334797714066,0.7800933485189364,0.06715986874752977
UWaveGestureLibraryAll,single,raw_only,raw,raw,0.7800933485189364,0.7802493172003193,0.020716978820126547,3,0.7129334797714066,0.7800933485189364,0.06715986874752977
UWaveGestureLibraryAll,single,stft_only,stft,stft,0.7496382995265093,0.7647320765643473,0.03449319155008057,3,0.7129334797714066,0.7800933485189364,0.06715986874752977
UWaveGestureLibraryAll,single,raw_larger,raw_larger,raw_larger,0.7129334797714066,0.6671362897734421,0.0843534667019989,3,0.7129334797714066,0.7800933485189364,0.06715986874752977
UWaveGestureLibraryAll,single,gaf_only,gaf,gaf,0.5593089919579647,0.5660206628287723,0.015169824554437354,3,0.7129334797714066,0.7800933485189364,0.06715986874752977
UWaveGestureLibraryAll,concat,concat__raw+stats+gaf+stft,raw+stats+gaf+stft,raw+stats+gaf+stft,0.9567148797246589,0.956911172501955,0.001082901269705909,3,0.8456365765270959,0.9534622969804858,0.1078257204533899
UWaveGestureLibraryAll,concat,concat__raw+stats,raw+stats,raw+stats,0.9537028882966783,0.9542465216817356,0.004784011252057763,3,0.8456365765270959,0.9534622969804858,0.1078257204533899
UWaveGestureLibraryAll,concat,concat__raw+stats+stft,raw+stats+stft,raw+stats+stft,0.9532217056642933,0.9521424236661078,0.0029101661552708253,3,0.8456365765270959,0.9534622969804858,0.1078257204533899
UWaveGestureLibraryAll,concat,concat__raw+stats+gaf,raw+stats+gaf,raw+stats+gaf,0.9512469475294653,0.9513550876116564,0.0011267045411536816,3,0.8456365765270959,0.9534622969804858,0.1078257204533899
UWaveGestureLibraryAll,concat,concat__raw+stft,raw+stft,raw+stft,0.8621091145208957,0.868970210389294,0.01675921920512498,3,0.8456365765270959,0.9534622969804858,0.1078257204533899
UWaveGestureLibraryAll,concat,concat__raw+gaf+stft,raw+gaf+stft,raw+gaf+stft,0.8291640385332961,0.8534949409238274,0.047608711604889414,3,0.8456365765270959,0.9534622969804858,0.1078257204533899
UWaveGestureLibraryAll,concat,concat__raw+gaf,raw+gaf,raw+gaf,0.7347875843137562,0.7308382408047125,0.013208056809586902,3,0.8456365765270959,0.9534622969804858,0.1078257204533899
UWaveGestureLibraryAll,gated,gated__raw+stats+gaf+stft,raw+stats+gaf+stft,raw+stats+gaf+stft,0.9529432088849771,0.953422481021764,0.002991011241268102,3,0.8467368006264836,0.9506837167617797,0.10394691613529605
UWaveGestureLibraryAll,gated,gated__raw+stats+stft,raw+stats+stft,raw+stats+stft,0.9521873295461886,0.9523965541522508,0.002016575044479792,3,0.8467368006264836,0.9506837167617797,0.10394691613529605
UWaveGestureLibraryAll,gated,gated__raw+stats,raw+stats,raw+stats,0.9491801039773707,0.9496876915560089,0.002041644699681416,3,0.8467368006264836,0.9506837167617797,0.10394691613529605
UWaveGestureLibraryAll,gated,gated__raw+stats+gaf,raw+stats+gaf,raw+stats+gaf,0.9491064898174807,0.945658523839247,0.009453577961083242,3,0.8467368006264836,0.9506837167617797,0.10394691613529605
UWaveGestureLibraryAll,gated,gated__raw+stft,raw+stft,raw+stft,0.8534772349815313,0.845113363007433,0.014617746648073806,3,0.8467368006264836,0.9506837167617797,0.10394691613529605
UWaveGestureLibraryAll,gated,gated__raw+gaf+stft,raw+gaf+stft,raw+gaf+stft,0.8399963662714359,0.8467882278424599,0.03575738342469894,3,0.8467368006264836,0.9506837167617797,0.10394691613529605
UWaveGestureLibraryAll,gated,gated__raw+gaf,raw+gaf,raw+gaf,0.7739866887849282,0.7838260334387168,0.02142496427438506,3,0.8467368006264836,0.9506837167617797,0.10394691613529605
UWaveGestureLibraryAll,raw_centered_residual,raw_centered_residual__raw+stats+gaf,raw+stats+gaf,raw+stats+gaf,0.9525362991800416,0.9539196025154612,0.0038697454625850032,3,0.811046520232358,0.9508680227174615,0.1398215024851035
UWaveGestureLibraryAll,raw_centered_residual,raw_centered_residual__raw+stats+stft,raw+stats+stft,raw+stats+stft,0.9517944978168421,0.951514510546634,0.0009253080888480433,3,0.811046520232358,0.9508680227174615,0.1398215024851035
UWaveGestureLibraryAll,raw_centered_residual,raw_centered_residual__raw+stats,raw+stats,raw+stats,0.9499415476180809,0.9496164177530384,0.0018699121201251063,3,0.811046520232358,0.9508680227174615,0.1398215024851035
UWaveGestureLibraryAll,raw_centered_residual,raw_centered_residual__raw+stats+gaf+stft,raw+stats+gaf+stft,raw+stats+gaf+stft,0.9489753980960188,0.95140547179077,0.008322679824443655,3,0.811046520232358,0.9508680227174615,0.1398215024851035
UWaveGestureLibraryAll,raw_centered_residual,raw_centered_residual__raw+gaf+stft,raw+gaf+stft,raw+gaf+stft,0.8145945628983986,0.8132940456771557,0.0025785801427555166,3,0.811046520232358,0.9508680227174615,0.1398215024851035
UWaveGestureLibraryAll,raw_centered_residual,raw_centered_residual__raw+stft,raw+stft,raw+stft,0.8074984775663175,0.8051245082346175,0.02591392838743868,3,0.811046520232358,0.9508680227174615,0.1398215024851035
UWaveGestureLibraryAll,raw_centered_residual,raw_centered_residual__raw+gaf,raw+gaf,raw+gaf,0.78518266803658,0.787925821644444,0.010831468690577347,3,0.811046520232358,0.9508680227174615,0.1398215024851035
UWaveGestureLibraryAll,film,film__raw+stats+stft,raw+stats+stft,raw+stats+stft,0.9540399930974108,0.9521617451834724,0.005924650745053131,3,0.83175527613666,0.9485127331511621,0.11675745701450213
UWaveGestureLibraryAll,film,film__raw+stats,raw+stats,raw+stats,0.9512851816867102,0.9513077884077774,0.0018709048177007704,3,0.83175527613666,0.9485127331511621,0.11675745701450213
UWaveGestureLibraryAll,film,film__raw+stats+gaf,raw+stats+gaf,raw+stats+gaf,0.9457402846156141,0.9478488051258196,0.010828976548970424,3,0.83175527613666,0.9485127331511621,0.11675745701450213
UWaveGestureLibraryAll,film,film__raw+stats+gaf+stft,raw+stats+gaf+stft,raw+stats+gaf+stft,0.9434988325204509,0.9475750318604756,0.009291064986779222,3,0.83175527613666,0.9485127331511621,0.11675745701450213
UWaveGestureLibraryAll,film,film__raw+stft,raw+stft,raw+stft,0.8402256928306423,0.8433662592641704,0.00736879588805042,3,0.83175527613666,0.9485127331511621,0.11675745701450213
UWaveGestureLibraryAll,film,film__raw+gaf+stft,raw+gaf+stft,raw+gaf+stft,0.8232848594426777,0.816692267466409,0.018680712307122965,3,0.83175527613666,0.9485127331511621,0.11675745701450213
UWaveGestureLibraryAll,film,film__raw+gaf,raw+gaf,raw+gaf,0.7828219819092839,0.7885363419690065,0.020680740659557797,3,0.83175527613666,0.9485127331511621,0.11675745701450213
UWaveGestureLibraryAll,bottleneck,context_only_residual_bottleneck__raw+stats+gaf+stft,raw+stats+gaf+stft,context_only_residual_bottleneck,0.9539077045404901,0.9577251598233762,0.01037223285798958,3,0.946934091422537,0.9508047016693316,0.0038706102467945813
UWaveGestureLibraryAll,bottleneck,ordinary_bottleneck__raw+stats+gaf+stft,raw+stats+gaf+stft,ordinary_bottleneck,0.9497703673789455,0.9526614143651532,0.005494690658195698,3,0.946934091422537,0.9508047016693316,0.0038706102467945813
UWaveGestureLibraryAll,bottleneck,raw_conditioned_context_bottleneck__raw+stats+gaf+stft,raw+stats+gaf+stft,raw_conditioned_context_bottleneck,0.94742948457183,0.9512138572481824,0.006742443702198095,3,0.946934091422537,0.9508047016693316,0.0038706102467945813
UWaveGestureLibraryAll,bottleneck,raw_residual_bottleneck__raw+stats+gaf+stft,raw+stats+gaf+stft,raw_residual_bottleneck,0.9454479119746585,0.9467122553282564,0.011479745759343372,3,0.946934091422537,0.9508047016693316,0.0038706102467945813
