dataset_name,method,modality_combo,latent,modality,attention_mean,attention_std,note
ECG5000,bottleneck__raw_STFT,raw_STFT,Z1,raw,0.5435490012168884,0.4605695903301239,Attention is a diagnostic view of latent-token interactions with modality tokens; it is not absolute causal importance.
ECG5000,bottleneck__raw_STFT,raw_STFT,Z1,stft,0.4564509987831116,0.4605695605278015,Attention is a diagnostic view of latent-token interactions with modality tokens; it is not absolute causal importance.
ECG5000,bottleneck__raw_STFT,raw_STFT,Z2,raw,0.40256738662719727,0.47644588351249695,Attention is a diagnostic view of latent-token interactions with modality tokens; it is not absolute causal importance.
ECG5000,bottleneck__raw_STFT,raw_STFT,Z2,stft,0.5974326133728027,0.47644588351249695,Attention is a diagnostic view of latent-token interactions with modality tokens; it is not absolute causal importance.
ECG5000,bottleneck__raw_STFT,raw_STFT,Z3,raw,0.24516694247722626,0.37692397832870483,Attention is a diagnostic view of latent-token interactions with modality tokens; it is not absolute causal importance.
ECG5000,bottleneck__raw_STFT,raw_STFT,Z3,stft,0.7548330426216125,0.37692397832870483,Attention is a diagnostic view of latent-token interactions with modality tokens; it is not absolute causal importance.
ECG5000,bottleneck__raw_STFT,raw_STFT,Z4,raw,0.4944875240325928,0.4969153106212616,Attention is a diagnostic view of latent-token interactions with modality tokens; it is not absolute causal importance.
ECG5000,bottleneck__raw_STFT,raw_STFT,Z4,stft,0.5055124163627625,0.4969153106212616,Attention is a diagnostic view of latent-token interactions with modality tokens; it is not absolute causal importance.
ECG5000,bottleneck__raw_GAF,raw_GAF,Z1,raw,0.46781131625175476,0.46156495809555054,Attention is a diagnostic view of latent-token interactions with modality tokens; it is not absolute causal importance.
ECG5000,bottleneck__raw_GAF,raw_GAF,Z1,gaf,0.5321887135505676,0.46156495809555054,Attention is a diagnostic view of latent-token interactions with modality tokens; it is not absolute causal importance.
ECG5000,bottleneck__raw_GAF,raw_GAF,Z2,raw,0.35636237263679504,0.4484270513057709,Attention is a diagnostic view of latent-token interactions with modality tokens; it is not absolute causal importance.
ECG5000,bottleneck__raw_GAF,raw_GAF,Z2,gaf,0.6436375975608826,0.4484270513057709,Attention is a diagnostic view of latent-token interactions with modality tokens; it is not absolute causal importance.
ECG5000,bottleneck__raw_GAF,raw_GAF,Z3,raw,0.33420735597610474,0.4381238520145416,Attention is a diagnostic view of latent-token interactions with modality tokens; it is not absolute causal importance.
ECG5000,bottleneck__raw_GAF,raw_GAF,Z3,gaf,0.6657926440238953,0.4381238520145416,Attention is a diagnostic view of latent-token interactions with modality tokens; it is not absolute causal importance.
ECG5000,bottleneck__raw_GAF,raw_GAF,Z4,raw,0.4073130488395691,0.46620258688926697,Attention is a diagnostic view of latent-token interactions with modality tokens; it is not absolute causal importance.
ECG5000,bottleneck__raw_GAF,raw_GAF,Z4,gaf,0.5926869511604309,0.46620258688926697,Attention is a diagnostic view of latent-token interactions with modality tokens; it is not absolute causal importance.
ECG5000,bottleneck__raw_stats_STFT,raw_stats_STFT,Z1,raw,0.014820406213402748,0.04065890610218048,Attention is a diagnostic view of latent-token interactions with modality tokens; it is not absolute causal importance.
ECG5000,bottleneck__raw_stats_STFT,raw_stats_STFT,Z1,stats,0.4795689582824707,0.48345890641212463,Attention is a diagnostic view of latent-token interactions with modality tokens; it is not absolute causal importance.
ECG5000,bottleneck__raw_stats_STFT,raw_stats_STFT,Z1,stft,0.5056107044219971,0.47323545813560486,Attention is a diagnostic view of latent-token interactions with modality tokens; it is not absolute causal importance.
ECG5000,bottleneck__raw_stats_STFT,raw_stats_STFT,Z2,raw,0.05577287822961807,0.14410649240016937,Attention is a diagnostic view of latent-token interactions with modality tokens; it is not absolute causal importance.
ECG5000,bottleneck__raw_stats_STFT,raw_stats_STFT,Z2,stats,0.4941367208957672,0.47656863927841187,Attention is a diagnostic view of latent-token interactions with modality tokens; it is not absolute causal importance.
ECG5000,bottleneck__raw_stats_STFT,raw_stats_STFT,Z2,stft,0.4500904381275177,0.44079309701919556,Attention is a diagnostic view of latent-token interactions with modality tokens; it is not absolute causal importance.
ECG5000,bottleneck__raw_stats_STFT,raw_stats_STFT,Z3,raw,0.2303124964237213,0.375527560710907,Attention is a diagnostic view of latent-token interactions with modality tokens; it is not absolute causal importance.
ECG5000,bottleneck__raw_stats_STFT,raw_stats_STFT,Z3,stats,0.3681482970714569,0.4719853401184082,Attention is a diagnostic view of latent-token interactions with modality tokens; it is not absolute causal importance.
ECG5000,bottleneck__raw_stats_STFT,raw_stats_STFT,Z3,stft,0.401539146900177,0.45062410831451416,Attention is a diagnostic view of latent-token interactions with modality tokens; it is not absolute causal importance.
ECG5000,bottleneck__raw_stats_STFT,raw_stats_STFT,Z4,raw,0.15063361823558807,0.3548455238342285,Attention is a diagnostic view of latent-token interactions with modality tokens; it is not absolute causal importance.
ECG5000,bottleneck__raw_stats_STFT,raw_stats_STFT,Z4,stats,0.6152547597885132,0.47511500120162964,Attention is a diagnostic view of latent-token interactions with modality tokens; it is not absolute causal importance.
ECG5000,bottleneck__raw_stats_STFT,raw_stats_STFT,Z4,stft,0.23411154747009277,0.41153159737586975,Attention is a diagnostic view of latent-token interactions with modality tokens; it is not absolute causal importance.
ECG5000,bottleneck__raw_stats_GAF_STFT,raw_stats_GAF_STFT,Z1,raw,0.1973094344139099,0.3883183002471924,Attention is a diagnostic view of latent-token interactions with modality tokens; it is not absolute causal importance.
ECG5000,bottleneck__raw_stats_GAF_STFT,raw_stats_GAF_STFT,Z1,stats,0.27945590019226074,0.43044939637184143,Attention is a diagnostic view of latent-token interactions with modality tokens; it is not absolute causal importance.
ECG5000,bottleneck__raw_stats_GAF_STFT,raw_stats_GAF_STFT,Z1,gaf,0.13426969945430756,0.3278653919696808,Attention is a diagnostic view of latent-token interactions with modality tokens; it is not absolute causal importance.
ECG5000,bottleneck__raw_stats_GAF_STFT,raw_stats_GAF_STFT,Z1,stft,0.38896501064300537,0.47585147619247437,Attention is a diagnostic view of latent-token interactions with modality tokens; it is not absolute causal importance.
ECG5000,bottleneck__raw_stats_GAF_STFT,raw_stats_GAF_STFT,Z2,raw,0.10817531496286392,0.3035357594490051,Attention is a diagnostic view of latent-token interactions with modality tokens; it is not absolute causal importance.
ECG5000,bottleneck__raw_stats_GAF_STFT,raw_stats_GAF_STFT,Z2,stats,0.052542902529239655,0.19670599699020386,Attention is a diagnostic view of latent-token interactions with modality tokens; it is not absolute causal importance.
ECG5000,bottleneck__raw_stats_GAF_STFT,raw_stats_GAF_STFT,Z2,gaf,0.23535354435443878,0.41079601645469666,Attention is a diagnostic view of latent-token interactions with modality tokens; it is not absolute causal importance.
ECG5000,bottleneck__raw_stats_GAF_STFT,raw_stats_GAF_STFT,Z2,stft,0.6039282083511353,0.48816603422164917,Attention is a diagnostic view of latent-token interactions with modality tokens; it is not absolute causal importance.
ECG5000,bottleneck__raw_stats_GAF_STFT,raw_stats_GAF_STFT,Z3,raw,0.10267315804958344,0.29819464683532715,Attention is a diagnostic view of latent-token interactions with modality tokens; it is not absolute causal importance.
ECG5000,bottleneck__raw_stats_GAF_STFT,raw_stats_GAF_STFT,Z3,stats,0.1517561674118042,0.3574206829071045,Attention is a diagnostic view of latent-token interactions with modality tokens; it is not absolute causal importance.
ECG5000,bottleneck__raw_stats_GAF_STFT,raw_stats_GAF_STFT,Z3,gaf,0.1270889788866043,0.30084067583084106,Attention is a diagnostic view of latent-token interactions with modality tokens; it is not absolute causal importance.
ECG5000,bottleneck__raw_stats_GAF_STFT,raw_stats_GAF_STFT,Z3,stft,0.6184816360473633,0.46205365657806396,Attention is a diagnostic view of latent-token interactions with modality tokens; it is not absolute causal importance.
ECG5000,bottleneck__raw_stats_GAF_STFT,raw_stats_GAF_STFT,Z4,raw,0.2797129154205322,0.44082707166671753,Attention is a diagnostic view of latent-token interactions with modality tokens; it is not absolute causal importance.
ECG5000,bottleneck__raw_stats_GAF_STFT,raw_stats_GAF_STFT,Z4,stats,0.6379786729812622,0.4730912148952484,Attention is a diagnostic view of latent-token interactions with modality tokens; it is not absolute causal importance.
ECG5000,bottleneck__raw_stats_GAF_STFT,raw_stats_GAF_STFT,Z4,gaf,0.07978825271129608,0.26914483308792114,Attention is a diagnostic view of latent-token interactions with modality tokens; it is not absolute causal importance.
ECG5000,bottleneck__raw_stats_GAF_STFT,raw_stats_GAF_STFT,Z4,stft,0.0025201202370226383,0.04002341628074646,Attention is a diagnostic view of latent-token interactions with modality tokens; it is not absolute causal importance.
MedicalImages,bottleneck__raw_STFT,raw_STFT,Z1,raw,0.573514461517334,0.4628770351409912,Attention is a diagnostic view of latent-token interactions with modality tokens; it is not absolute causal importance.
MedicalImages,bottleneck__raw_STFT,raw_STFT,Z1,stft,0.4264855682849884,0.4628770351409912,Attention is a diagnostic view of latent-token interactions with modality tokens; it is not absolute causal importance.
MedicalImages,bottleneck__raw_STFT,raw_STFT,Z2,raw,0.4944973587989807,0.47463446855545044,Attention is a diagnostic view of latent-token interactions with modality tokens; it is not absolute causal importance.
MedicalImages,bottleneck__raw_STFT,raw_STFT,Z2,stft,0.5055025815963745,0.47463446855545044,Attention is a diagnostic view of latent-token interactions with modality tokens; it is not absolute causal importance.
MedicalImages,bottleneck__raw_STFT,raw_STFT,Z3,raw,0.5524148344993591,0.4697056710720062,Attention is a diagnostic view of latent-token interactions with modality tokens; it is not absolute causal importance.
MedicalImages,bottleneck__raw_STFT,raw_STFT,Z3,stft,0.44758525490760803,0.4697056710720062,Attention is a diagnostic view of latent-token interactions with modality tokens; it is not absolute causal importance.
MedicalImages,bottleneck__raw_STFT,raw_STFT,Z4,raw,0.519180953502655,0.47365373373031616,Attention is a diagnostic view of latent-token interactions with modality tokens; it is not absolute causal importance.
MedicalImages,bottleneck__raw_STFT,raw_STFT,Z4,stft,0.48081904649734497,0.47365373373031616,Attention is a diagnostic view of latent-token interactions with modality tokens; it is not absolute causal importance.
MedicalImages,bottleneck__raw_GAF,raw_GAF,Z1,raw,0.3980146050453186,0.4764210283756256,Attention is a diagnostic view of latent-token interactions with modality tokens; it is not absolute causal importance.
MedicalImages,bottleneck__raw_GAF,raw_GAF,Z1,gaf,0.6019853949546814,0.4764210283756256,Attention is a diagnostic view of latent-token interactions with modality tokens; it is not absolute causal importance.
MedicalImages,bottleneck__raw_GAF,raw_GAF,Z2,raw,0.39150270819664,0.4731926918029785,Attention is a diagnostic view of latent-token interactions with modality tokens; it is not absolute causal importance.
MedicalImages,bottleneck__raw_GAF,raw_GAF,Z2,gaf,0.6084972620010376,0.4731926918029785,Attention is a diagnostic view of latent-token interactions with modality tokens; it is not absolute causal importance.
MedicalImages,bottleneck__raw_GAF,raw_GAF,Z3,raw,0.5471956729888916,0.4796443581581116,Attention is a diagnostic view of latent-token interactions with modality tokens; it is not absolute causal importance.
MedicalImages,bottleneck__raw_GAF,raw_GAF,Z3,gaf,0.4528043568134308,0.4796443581581116,Attention is a diagnostic view of latent-token interactions with modality tokens; it is not absolute causal importance.
MedicalImages,bottleneck__raw_GAF,raw_GAF,Z4,raw,0.46084967255592346,0.47611647844314575,Attention is a diagnostic view of latent-token interactions with modality tokens; it is not absolute causal importance.
MedicalImages,bottleneck__raw_GAF,raw_GAF,Z4,gaf,0.5391503572463989,0.47611647844314575,Attention is a diagnostic view of latent-token interactions with modality tokens; it is not absolute causal importance.
MedicalImages,bottleneck__raw_stats_STFT,raw_stats_STFT,Z1,raw,0.19016411900520325,0.37939250469207764,Attention is a diagnostic view of latent-token interactions with modality tokens; it is not absolute causal importance.
MedicalImages,bottleneck__raw_stats_STFT,raw_stats_STFT,Z1,stats,0.4943374991416931,0.4696676731109619,Attention is a diagnostic view of latent-token interactions with modality tokens; it is not absolute causal importance.
MedicalImages,bottleneck__raw_stats_STFT,raw_stats_STFT,Z1,stft,0.31549835205078125,0.43217501044273376,Attention is a diagnostic view of latent-token interactions with modality tokens; it is not absolute causal importance.
MedicalImages,bottleneck__raw_stats_STFT,raw_stats_STFT,Z2,raw,0.20508170127868652,0.3830690085887909,Attention is a diagnostic view of latent-token interactions with modality tokens; it is not absolute causal importance.
MedicalImages,bottleneck__raw_stats_STFT,raw_stats_STFT,Z2,stats,0.2512304186820984,0.39851894974708557,Attention is a diagnostic view of latent-token interactions with modality tokens; it is not absolute causal importance.
MedicalImages,bottleneck__raw_stats_STFT,raw_stats_STFT,Z2,stft,0.5436878800392151,0.46990615129470825,Attention is a diagnostic view of latent-token interactions with modality tokens; it is not absolute causal importance.
MedicalImages,bottleneck__raw_stats_STFT,raw_stats_STFT,Z3,raw,0.2588823735713959,0.40753263235092163,Attention is a diagnostic view of latent-token interactions with modality tokens; it is not absolute causal importance.
MedicalImages,bottleneck__raw_stats_STFT,raw_stats_STFT,Z3,stats,0.5053828358650208,0.4610860049724579,Attention is a diagnostic view of latent-token interactions with modality tokens; it is not absolute causal importance.
MedicalImages,bottleneck__raw_stats_STFT,raw_stats_STFT,Z3,stft,0.23573477566242218,0.38425302505493164,Attention is a diagnostic view of latent-token interactions with modality tokens; it is not absolute causal importance.
MedicalImages,bottleneck__raw_stats_STFT,raw_stats_STFT,Z4,raw,0.23305939137935638,0.40854889154434204,Attention is a diagnostic view of latent-token interactions with modality tokens; it is not absolute causal importance.
MedicalImages,bottleneck__raw_stats_STFT,raw_stats_STFT,Z4,stats,0.5074726343154907,0.47554782032966614,Attention is a diagnostic view of latent-token interactions with modality tokens; it is not absolute causal importance.
MedicalImages,bottleneck__raw_stats_STFT,raw_stats_STFT,Z4,stft,0.2594679594039917,0.4148668050765991,Attention is a diagnostic view of latent-token interactions with modality tokens; it is not absolute causal importance.
MedicalImages,bottleneck__raw_stats_GAF_STFT,raw_stats_GAF_STFT,Z1,raw,0.1902070939540863,0.36476317048072815,Attention is a diagnostic view of latent-token interactions with modality tokens; it is not absolute causal importance.
MedicalImages,bottleneck__raw_stats_GAF_STFT,raw_stats_GAF_STFT,Z1,stats,0.4634997844696045,0.4658702611923218,Attention is a diagnostic view of latent-token interactions with modality tokens; it is not absolute causal importance.
MedicalImages,bottleneck__raw_stats_GAF_STFT,raw_stats_GAF_STFT,Z1,gaf,0.2908646762371063,0.4300515949726105,Attention is a diagnostic view of latent-token interactions with modality tokens; it is not absolute causal importance.
MedicalImages,bottleneck__raw_stats_GAF_STFT,raw_stats_GAF_STFT,Z1,stft,0.05542851984500885,0.2026587724685669,Attention is a diagnostic view of latent-token interactions with modality tokens; it is not absolute causal importance.
MedicalImages,bottleneck__raw_stats_GAF_STFT,raw_stats_GAF_STFT,Z2,raw,0.15312421321868896,0.3100851774215698,Attention is a diagnostic view of latent-token interactions with modality tokens; it is not absolute causal importance.
MedicalImages,bottleneck__raw_stats_GAF_STFT,raw_stats_GAF_STFT,Z2,stats,0.46454158425331116,0.4565368890762329,Attention is a diagnostic view of latent-token interactions with modality tokens; it is not absolute causal importance.
MedicalImages,bottleneck__raw_stats_GAF_STFT,raw_stats_GAF_STFT,Z2,gaf,0.04372137412428856,0.162851482629776,Attention is a diagnostic view of latent-token interactions with modality tokens; it is not absolute causal importance.
MedicalImages,bottleneck__raw_stats_GAF_STFT,raw_stats_GAF_STFT,Z2,stft,0.3386128544807434,0.4487440884113312,Attention is a diagnostic view of latent-token interactions with modality tokens; it is not absolute causal importance.
MedicalImages,bottleneck__raw_stats_GAF_STFT,raw_stats_GAF_STFT,Z3,raw,0.2684388756752014,0.4027248024940491,Attention is a diagnostic view of latent-token interactions with modality tokens; it is not absolute causal importance.
MedicalImages,bottleneck__raw_stats_GAF_STFT,raw_stats_GAF_STFT,Z3,stats,0.229945108294487,0.3835855722427368,Attention is a diagnostic view of latent-token interactions with modality tokens; it is not absolute causal importance.
MedicalImages,bottleneck__raw_stats_GAF_STFT,raw_stats_GAF_STFT,Z3,gaf,0.4850292503833771,0.46782925724983215,Attention is a diagnostic view of latent-token interactions with modality tokens; it is not absolute causal importance.
MedicalImages,bottleneck__raw_stats_GAF_STFT,raw_stats_GAF_STFT,Z3,stft,0.01658676750957966,0.08006837218999863,Attention is a diagnostic view of latent-token interactions with modality tokens; it is not absolute causal importance.
MedicalImages,bottleneck__raw_stats_GAF_STFT,raw_stats_GAF_STFT,Z4,raw,0.2171260416507721,0.36835697293281555,Attention is a diagnostic view of latent-token interactions with modality tokens; it is not absolute causal importance.
MedicalImages,bottleneck__raw_stats_GAF_STFT,raw_stats_GAF_STFT,Z4,stats,0.38338714838027954,0.44396060705184937,Attention is a diagnostic view of latent-token interactions with modality tokens; it is not absolute causal importance.
MedicalImages,bottleneck__raw_stats_GAF_STFT,raw_stats_GAF_STFT,Z4,gaf,0.3964267075061798,0.45212188363075256,Attention is a diagnostic view of latent-token interactions with modality tokens; it is not absolute causal importance.
MedicalImages,bottleneck__raw_stats_GAF_STFT,raw_stats_GAF_STFT,Z4,stft,0.0030601341277360916,0.014106802642345428,Attention is a diagnostic view of latent-token interactions with modality tokens; it is not absolute causal importance.
FacesUCR,bottleneck__raw_STFT,raw_STFT,Z1,raw,0.49098050594329834,0.48488444089889526,Attention is a diagnostic view of latent-token interactions with modality tokens; it is not absolute causal importance.
FacesUCR,bottleneck__raw_STFT,raw_STFT,Z1,stft,0.5090194344520569,0.48488444089889526,Attention is a diagnostic view of latent-token interactions with modality tokens; it is not absolute causal importance.
FacesUCR,bottleneck__raw_STFT,raw_STFT,Z2,raw,0.43221452832221985,0.4790516793727875,Attention is a diagnostic view of latent-token interactions with modality tokens; it is not absolute causal importance.
FacesUCR,bottleneck__raw_STFT,raw_STFT,Z2,stft,0.5677854418754578,0.4790516793727875,Attention is a diagnostic view of latent-token interactions with modality tokens; it is not absolute causal importance.
FacesUCR,bottleneck__raw_STFT,raw_STFT,Z3,raw,0.4850703775882721,0.4711255431175232,Attention is a diagnostic view of latent-token interactions with modality tokens; it is not absolute causal importance.
FacesUCR,bottleneck__raw_STFT,raw_STFT,Z3,stft,0.5149295330047607,0.4711255431175232,Attention is a diagnostic view of latent-token interactions with modality tokens; it is not absolute causal importance.
FacesUCR,bottleneck__raw_STFT,raw_STFT,Z4,raw,0.5241178274154663,0.4776915907859802,Attention is a diagnostic view of latent-token interactions with modality tokens; it is not absolute causal importance.
FacesUCR,bottleneck__raw_STFT,raw_STFT,Z4,stft,0.4758821427822113,0.4776915907859802,Attention is a diagnostic view of latent-token interactions with modality tokens; it is not absolute causal importance.
FacesUCR,bottleneck__raw_GAF,raw_GAF,Z1,raw,0.6141055822372437,0.46356213092803955,Attention is a diagnostic view of latent-token interactions with modality tokens; it is not absolute causal importance.
FacesUCR,bottleneck__raw_GAF,raw_GAF,Z1,gaf,0.38589438796043396,0.46356213092803955,Attention is a diagnostic view of latent-token interactions with modality tokens; it is not absolute causal importance.
FacesUCR,bottleneck__raw_GAF,raw_GAF,Z2,raw,0.6889130473136902,0.44252532720565796,Attention is a diagnostic view of latent-token interactions with modality tokens; it is not absolute causal importance.
FacesUCR,bottleneck__raw_GAF,raw_GAF,Z2,gaf,0.3110869824886322,0.44252532720565796,Attention is a diagnostic view of latent-token interactions with modality tokens; it is not absolute causal importance.
FacesUCR,bottleneck__raw_GAF,raw_GAF,Z3,raw,0.6885455846786499,0.44633811712265015,Attention is a diagnostic view of latent-token interactions with modality tokens; it is not absolute causal importance.
FacesUCR,bottleneck__raw_GAF,raw_GAF,Z3,gaf,0.3114544153213501,0.44633811712265015,Attention is a diagnostic view of latent-token interactions with modality tokens; it is not absolute causal importance.
FacesUCR,bottleneck__raw_GAF,raw_GAF,Z4,raw,0.761351466178894,0.40174323320388794,Attention is a diagnostic view of latent-token interactions with modality tokens; it is not absolute causal importance.
FacesUCR,bottleneck__raw_GAF,raw_GAF,Z4,gaf,0.23864856362342834,0.40174323320388794,Attention is a diagnostic view of latent-token interactions with modality tokens; it is not absolute causal importance.
FacesUCR,bottleneck__raw_stats_STFT,raw_stats_STFT,Z1,raw,0.20610898733139038,0.36011698842048645,Attention is a diagnostic view of latent-token interactions with modality tokens; it is not absolute causal importance.
FacesUCR,bottleneck__raw_stats_STFT,raw_stats_STFT,Z1,stats,0.6461866497993469,0.42968690395355225,Attention is a diagnostic view of latent-token interactions with modality tokens; it is not absolute causal importance.
FacesUCR,bottleneck__raw_stats_STFT,raw_stats_STFT,Z1,stft,0.14770440757274628,0.3171723783016205,Attention is a diagnostic view of latent-token interactions with modality tokens; it is not absolute causal importance.
FacesUCR,bottleneck__raw_stats_STFT,raw_stats_STFT,Z2,raw,0.05013846606016159,0.15166586637496948,Attention is a diagnostic view of latent-token interactions with modality tokens; it is not absolute causal importance.
FacesUCR,bottleneck__raw_stats_STFT,raw_stats_STFT,Z2,stats,0.6071540713310242,0.438120037317276,Attention is a diagnostic view of latent-token interactions with modality tokens; it is not absolute causal importance.
FacesUCR,bottleneck__raw_stats_STFT,raw_stats_STFT,Z2,stft,0.34270748496055603,0.4166991710662842,Attention is a diagnostic view of latent-token interactions with modality tokens; it is not absolute causal importance.
FacesUCR,bottleneck__raw_stats_STFT,raw_stats_STFT,Z3,raw,0.14845773577690125,0.3088401257991791,Attention is a diagnostic view of latent-token interactions with modality tokens; it is not absolute causal importance.
FacesUCR,bottleneck__raw_stats_STFT,raw_stats_STFT,Z3,stats,0.6102057695388794,0.43643972277641296,Attention is a diagnostic view of latent-token interactions with modality tokens; it is not absolute causal importance.
FacesUCR,bottleneck__raw_stats_STFT,raw_stats_STFT,Z3,stft,0.24133644998073578,0.38551896810531616,Attention is a diagnostic view of latent-token interactions with modality tokens; it is not absolute causal importance.
FacesUCR,bottleneck__raw_stats_STFT,raw_stats_STFT,Z4,raw,0.32456842064857483,0.4346166253089905,Attention is a diagnostic view of latent-token interactions with modality tokens; it is not absolute causal importance.
FacesUCR,bottleneck__raw_stats_STFT,raw_stats_STFT,Z4,stats,0.5419591069221497,0.45211467146873474,Attention is a diagnostic view of latent-token interactions with modality tokens; it is not absolute causal importance.
FacesUCR,bottleneck__raw_stats_STFT,raw_stats_STFT,Z4,stft,0.1334725320339203,0.30264371633529663,Attention is a diagnostic view of latent-token interactions with modality tokens; it is not absolute causal importance.
FacesUCR,bottleneck__raw_stats_GAF_STFT,raw_stats_GAF_STFT,Z1,raw,0.1921108067035675,0.32326099276542664,Attention is a diagnostic view of latent-token interactions with modality tokens; it is not absolute causal importance.
FacesUCR,bottleneck__raw_stats_GAF_STFT,raw_stats_GAF_STFT,Z1,stats,0.32200103998184204,0.373215913772583,Attention is a diagnostic view of latent-token interactions with modality tokens; it is not absolute causal importance.
FacesUCR,bottleneck__raw_stats_GAF_STFT,raw_stats_GAF_STFT,Z1,gaf,0.04509102180600166,0.10487432032823563,Attention is a diagnostic view of latent-token interactions with modality tokens; it is not absolute causal importance.
FacesUCR,bottleneck__raw_stats_GAF_STFT,raw_stats_GAF_STFT,Z1,stft,0.44079717993736267,0.4033806324005127,Attention is a diagnostic view of latent-token interactions with modality tokens; it is not absolute causal importance.
FacesUCR,bottleneck__raw_stats_GAF_STFT,raw_stats_GAF_STFT,Z2,raw,0.2814401090145111,0.3203595280647278,Attention is a diagnostic view of latent-token interactions with modality tokens; it is not absolute causal importance.
FacesUCR,bottleneck__raw_stats_GAF_STFT,raw_stats_GAF_STFT,Z2,stats,0.5191020369529724,0.35527846217155457,Attention is a diagnostic view of latent-token interactions with modality tokens; it is not absolute causal importance.
FacesUCR,bottleneck__raw_stats_GAF_STFT,raw_stats_GAF_STFT,Z2,gaf,0.05932873860001564,0.12048383802175522,Attention is a diagnostic view of latent-token interactions with modality tokens; it is not absolute causal importance.
FacesUCR,bottleneck__raw_stats_GAF_STFT,raw_stats_GAF_STFT,Z2,stft,0.14012910425662994,0.22355255484580994,Attention is a diagnostic view of latent-token interactions with modality tokens; it is not absolute causal importance.
FacesUCR,bottleneck__raw_stats_GAF_STFT,raw_stats_GAF_STFT,Z3,raw,0.2711183726787567,0.33396363258361816,Attention is a diagnostic view of latent-token interactions with modality tokens; it is not absolute causal importance.
FacesUCR,bottleneck__raw_stats_GAF_STFT,raw_stats_GAF_STFT,Z3,stats,0.4874846637248993,0.4182329475879669,Attention is a diagnostic view of latent-token interactions with modality tokens; it is not absolute causal importance.
FacesUCR,bottleneck__raw_stats_GAF_STFT,raw_stats_GAF_STFT,Z3,gaf,0.11422207206487656,0.2187584787607193,Attention is a diagnostic view of latent-token interactions with modality tokens; it is not absolute causal importance.
FacesUCR,bottleneck__raw_stats_GAF_STFT,raw_stats_GAF_STFT,Z3,stft,0.12717486917972565,0.21300740540027618,Attention is a diagnostic view of latent-token interactions with modality tokens; it is not absolute causal importance.
FacesUCR,bottleneck__raw_stats_GAF_STFT,raw_stats_GAF_STFT,Z4,raw,0.28196999430656433,0.3881002366542816,Attention is a diagnostic view of latent-token interactions with modality tokens; it is not absolute causal importance.
FacesUCR,bottleneck__raw_stats_GAF_STFT,raw_stats_GAF_STFT,Z4,stats,0.32288068532943726,0.40172237157821655,Attention is a diagnostic view of latent-token interactions with modality tokens; it is not absolute causal importance.
FacesUCR,bottleneck__raw_stats_GAF_STFT,raw_stats_GAF_STFT,Z4,gaf,0.03762069717049599,0.1153707355260849,Attention is a diagnostic view of latent-token interactions with modality tokens; it is not absolute causal importance.
FacesUCR,bottleneck__raw_stats_GAF_STFT,raw_stats_GAF_STFT,Z4,stft,0.3575286269187927,0.41661810874938965,Attention is a diagnostic view of latent-token interactions with modality tokens; it is not absolute causal importance.
SwedishLeaf,bottleneck__raw_STFT,raw_STFT,Z1,raw,0.5912125110626221,0.47640788555145264,Attention is a diagnostic view of latent-token interactions with modality tokens; it is not absolute causal importance.
SwedishLeaf,bottleneck__raw_STFT,raw_STFT,Z1,stft,0.40878748893737793,0.47640788555145264,Attention is a diagnostic view of latent-token interactions with modality tokens; it is not absolute causal importance.
SwedishLeaf,bottleneck__raw_STFT,raw_STFT,Z2,raw,0.6233618855476379,0.4769818186759949,Attention is a diagnostic view of latent-token interactions with modality tokens; it is not absolute causal importance.
SwedishLeaf,bottleneck__raw_STFT,raw_STFT,Z2,stft,0.3766380846500397,0.4769818186759949,Attention is a diagnostic view of latent-token interactions with modality tokens; it is not absolute causal importance.
SwedishLeaf,bottleneck__raw_STFT,raw_STFT,Z3,raw,0.6356089115142822,0.47330546379089355,Attention is a diagnostic view of latent-token interactions with modality tokens; it is not absolute causal importance.
SwedishLeaf,bottleneck__raw_STFT,raw_STFT,Z3,stft,0.36439114809036255,0.47330546379089355,Attention is a diagnostic view of latent-token interactions with modality tokens; it is not absolute causal importance.
SwedishLeaf,bottleneck__raw_STFT,raw_STFT,Z4,raw,0.622417688369751,0.47708016633987427,Attention is a diagnostic view of latent-token interactions with modality tokens; it is not absolute causal importance.
SwedishLeaf,bottleneck__raw_STFT,raw_STFT,Z4,stft,0.3775823414325714,0.47708016633987427,Attention is a diagnostic view of latent-token interactions with modality tokens; it is not absolute causal importance.
SwedishLeaf,bottleneck__raw_GAF,raw_GAF,Z1,raw,0.4505707025527954,0.48542216420173645,Attention is a diagnostic view of latent-token interactions with modality tokens; it is not absolute causal importance.
SwedishLeaf,bottleneck__raw_GAF,raw_GAF,Z1,gaf,0.5494292974472046,0.48542216420173645,Attention is a diagnostic view of latent-token interactions with modality tokens; it is not absolute causal importance.
SwedishLeaf,bottleneck__raw_GAF,raw_GAF,Z2,raw,0.5330266356468201,0.49064886569976807,Attention is a diagnostic view of latent-token interactions with modality tokens; it is not absolute causal importance.
SwedishLeaf,bottleneck__raw_GAF,raw_GAF,Z2,gaf,0.4669734239578247,0.49064886569976807,Attention is a diagnostic view of latent-token interactions with modality tokens; it is not absolute causal importance.
SwedishLeaf,bottleneck__raw_GAF,raw_GAF,Z3,raw,0.6013290286064148,0.47429174184799194,Attention is a diagnostic view of latent-token interactions with modality tokens; it is not absolute causal importance.
SwedishLeaf,bottleneck__raw_GAF,raw_GAF,Z3,gaf,0.3986709713935852,0.47429174184799194,Attention is a diagnostic view of latent-token interactions with modality tokens; it is not absolute causal importance.
SwedishLeaf,bottleneck__raw_GAF,raw_GAF,Z4,raw,0.6797283291816711,0.45604556798934937,Attention is a diagnostic view of latent-token interactions with modality tokens; it is not absolute causal importance.
SwedishLeaf,bottleneck__raw_GAF,raw_GAF,Z4,gaf,0.32027167081832886,0.45604556798934937,Attention is a diagnostic view of latent-token interactions with modality tokens; it is not absolute causal importance.
SwedishLeaf,bottleneck__raw_stats_STFT,raw_stats_STFT,Z1,raw,0.43686768412590027,0.47555676102638245,Attention is a diagnostic view of latent-token interactions with modality tokens; it is not absolute causal importance.
SwedishLeaf,bottleneck__raw_stats_STFT,raw_stats_STFT,Z1,stats,0.5587498545646667,0.474533349275589,Attention is a diagnostic view of latent-token interactions with modality tokens; it is not absolute causal importance.
SwedishLeaf,bottleneck__raw_stats_STFT,raw_stats_STFT,Z1,stft,0.004382437560707331,0.04123349487781525,Attention is a diagnostic view of latent-token interactions with modality tokens; it is not absolute causal importance.
SwedishLeaf,bottleneck__raw_stats_STFT,raw_stats_STFT,Z2,raw,0.19719503819942474,0.3852457106113434,Attention is a diagnostic view of latent-token interactions with modality tokens; it is not absolute causal importance.
SwedishLeaf,bottleneck__raw_stats_STFT,raw_stats_STFT,Z2,stats,0.4035075902938843,0.4788578748703003,Attention is a diagnostic view of latent-token interactions with modality tokens; it is not absolute causal importance.
SwedishLeaf,bottleneck__raw_stats_STFT,raw_stats_STFT,Z2,stft,0.3992973268032074,0.47849133610725403,Attention is a diagnostic view of latent-token interactions with modality tokens; it is not absolute causal importance.
SwedishLeaf,bottleneck__raw_stats_STFT,raw_stats_STFT,Z3,raw,0.1557048261165619,0.3460131585597992,Attention is a diagnostic view of latent-token interactions with modality tokens; it is not absolute causal importance.
SwedishLeaf,bottleneck__raw_stats_STFT,raw_stats_STFT,Z3,stats,0.6369746327400208,0.46458253264427185,Attention is a diagnostic view of latent-token interactions with modality tokens; it is not absolute causal importance.
SwedishLeaf,bottleneck__raw_stats_STFT,raw_stats_STFT,Z3,stft,0.20732058584690094,0.40003517270088196,Attention is a diagnostic view of latent-token interactions with modality tokens; it is not absolute causal importance.
SwedishLeaf,bottleneck__raw_stats_STFT,raw_stats_STFT,Z4,raw,0.14248855412006378,0.34373047947883606,Attention is a diagnostic view of latent-token interactions with modality tokens; it is not absolute causal importance.
SwedishLeaf,bottleneck__raw_stats_STFT,raw_stats_STFT,Z4,stats,0.6155341863632202,0.4771561920642853,Attention is a diagnostic view of latent-token interactions with modality tokens; it is not absolute causal importance.
SwedishLeaf,bottleneck__raw_stats_STFT,raw_stats_STFT,Z4,stft,0.24197734892368317,0.41714778542518616,Attention is a diagnostic view of latent-token interactions with modality tokens; it is not absolute causal importance.
SwedishLeaf,bottleneck__raw_stats_GAF_STFT,raw_stats_GAF_STFT,Z1,raw,0.19665057957172394,0.368744432926178,Attention is a diagnostic view of latent-token interactions with modality tokens; it is not absolute causal importance.
SwedishLeaf,bottleneck__raw_stats_GAF_STFT,raw_stats_GAF_STFT,Z1,stats,0.32539278268814087,0.4529832601547241,Attention is a diagnostic view of latent-token interactions with modality tokens; it is not absolute causal importance.
SwedishLeaf,bottleneck__raw_stats_GAF_STFT,raw_stats_GAF_STFT,Z1,gaf,0.11420522630214691,0.30271074175834656,Attention is a diagnostic view of latent-token interactions with modality tokens; it is not absolute causal importance.
SwedishLeaf,bottleneck__raw_stats_GAF_STFT,raw_stats_GAF_STFT,Z1,stft,0.3637514114379883,0.4606620669364929,Attention is a diagnostic view of latent-token interactions with modality tokens; it is not absolute causal importance.
SwedishLeaf,bottleneck__raw_stats_GAF_STFT,raw_stats_GAF_STFT,Z2,raw,0.20495425164699554,0.3851546049118042,Attention is a diagnostic view of latent-token interactions with modality tokens; it is not absolute causal importance.
SwedishLeaf,bottleneck__raw_stats_GAF_STFT,raw_stats_GAF_STFT,Z2,stats,0.5217533111572266,0.4837215542793274,Attention is a diagnostic view of latent-token interactions with modality tokens; it is not absolute causal importance.
SwedishLeaf,bottleneck__raw_stats_GAF_STFT,raw_stats_GAF_STFT,Z2,gaf,0.15915678441524506,0.3461500108242035,Attention is a diagnostic view of latent-token interactions with modality tokens; it is not absolute causal importance.
SwedishLeaf,bottleneck__raw_stats_GAF_STFT,raw_stats_GAF_STFT,Z2,stft,0.11413566023111343,0.29947182536125183,Attention is a diagnostic view of latent-token interactions with modality tokens; it is not absolute causal importance.
SwedishLeaf,bottleneck__raw_stats_GAF_STFT,raw_stats_GAF_STFT,Z3,raw,0.205552339553833,0.3911353051662445,Attention is a diagnostic view of latent-token interactions with modality tokens; it is not absolute causal importance.
SwedishLeaf,bottleneck__raw_stats_GAF_STFT,raw_stats_GAF_STFT,Z3,stats,0.5212523341178894,0.48693785071372986,Attention is a diagnostic view of latent-token interactions with modality tokens; it is not absolute causal importance.
SwedishLeaf,bottleneck__raw_stats_GAF_STFT,raw_stats_GAF_STFT,Z3,gaf,0.15454597771167755,0.3460233807563782,Attention is a diagnostic view of latent-token interactions with modality tokens; it is not absolute causal importance.
SwedishLeaf,bottleneck__raw_stats_GAF_STFT,raw_stats_GAF_STFT,Z3,stft,0.11864941567182541,0.30859437584877014,Attention is a diagnostic view of latent-token interactions with modality tokens; it is not absolute causal importance.
SwedishLeaf,bottleneck__raw_stats_GAF_STFT,raw_stats_GAF_STFT,Z4,raw,0.24304257333278656,0.40485984086990356,Attention is a diagnostic view of latent-token interactions with modality tokens; it is not absolute causal importance.
SwedishLeaf,bottleneck__raw_stats_GAF_STFT,raw_stats_GAF_STFT,Z4,stats,0.32574716210365295,0.449314683675766,Attention is a diagnostic view of latent-token interactions with modality tokens; it is not absolute causal importance.
SwedishLeaf,bottleneck__raw_stats_GAF_STFT,raw_stats_GAF_STFT,Z4,gaf,0.17447391152381897,0.34074270725250244,Attention is a diagnostic view of latent-token interactions with modality tokens; it is not absolute causal importance.
SwedishLeaf,bottleneck__raw_stats_GAF_STFT,raw_stats_GAF_STFT,Z4,stft,0.25673630833625793,0.4119279682636261,Attention is a diagnostic view of latent-token interactions with modality tokens; it is not absolute causal importance.
