dataset_name,method,family,modality_combo,coefficient,target,value,std
ECG5000,raw_residual_bottleneck__raw_STFT,raw_residual_bottleneck,raw_STFT,alpha_abs_mean,residual_delta,0.25363558530807495,0.32310524582862854
ECG5000,raw_residual_bottleneck__raw_GAF,raw_residual_bottleneck,raw_GAF,alpha_abs_mean,residual_delta,0.15619195997714996,0.21600155532360077
ECG5000,raw_residual_bottleneck__raw_stats_STFT,raw_residual_bottleneck,raw_stats_STFT,alpha_abs_mean,residual_delta,0.2767692804336548,0.350429892539978
ECG5000,raw_residual_bottleneck__raw_stats_GAF_STFT,raw_residual_bottleneck,raw_stats_GAF_STFT,alpha_abs_mean,residual_delta,0.28324538469314575,0.349496990442276
ECG5000,context_only_residual_bottleneck__raw_STFT,context_only_residual_bottleneck,raw_STFT,alpha_abs_mean,residual_delta,0.23284386098384857,0.31471285223960876
ECG5000,context_only_residual_bottleneck__raw_GAF,context_only_residual_bottleneck,raw_GAF,alpha_abs_mean,residual_delta,0.1081412211060524,0.22443926334381104
ECG5000,context_only_residual_bottleneck__raw_stats_STFT,context_only_residual_bottleneck,raw_stats_STFT,alpha_abs_mean,residual_delta,0.30086809396743774,0.344594269990921
ECG5000,context_only_residual_bottleneck__raw_stats_GAF_STFT,context_only_residual_bottleneck,raw_stats_GAF_STFT,alpha_abs_mean,residual_delta,0.2532694637775421,0.33885714411735535
ECG5000,raw_conditioned_context_bottleneck__raw_STFT,raw_conditioned_context_bottleneck,raw_STFT,alpha_abs_mean,residual_delta,0.2582564651966095,0.3188773989677429
ECG5000,raw_conditioned_context_bottleneck__raw_GAF,raw_conditioned_context_bottleneck,raw_GAF,alpha_abs_mean,residual_delta,0.2617572546005249,0.31229159235954285
ECG5000,raw_conditioned_context_bottleneck__raw_stats_STFT,raw_conditioned_context_bottleneck,raw_stats_STFT,alpha_abs_mean,residual_delta,0.3542291522026062,0.41070985794067383
ECG5000,raw_conditioned_context_bottleneck__raw_stats_GAF_STFT,raw_conditioned_context_bottleneck,raw_stats_GAF_STFT,alpha_abs_mean,residual_delta,0.24070996046066284,0.3161202073097229
MedicalImages,raw_residual_bottleneck__raw_STFT,raw_residual_bottleneck,raw_STFT,alpha_abs_mean,residual_delta,0.20229274034500122,0.2392527163028717
MedicalImages,raw_residual_bottleneck__raw_GAF,raw_residual_bottleneck,raw_GAF,alpha_abs_mean,residual_delta,0.23677171766757965,0.245634987950325
MedicalImages,raw_residual_bottleneck__raw_stats_STFT,raw_residual_bottleneck,raw_stats_STFT,alpha_abs_mean,residual_delta,0.2779946029186249,0.27503231167793274
MedicalImages,raw_residual_bottleneck__raw_stats_GAF_STFT,raw_residual_bottleneck,raw_stats_GAF_STFT,alpha_abs_mean,residual_delta,0.28010740876197815,0.2914779782295227
MedicalImages,context_only_residual_bottleneck__raw_STFT,context_only_residual_bottleneck,raw_STFT,alpha_abs_mean,residual_delta,0.2311522662639618,0.2565884590148926
MedicalImages,context_only_residual_bottleneck__raw_GAF,context_only_residual_bottleneck,raw_GAF,alpha_abs_mean,residual_delta,0.23521411418914795,0.25108370184898376
MedicalImages,context_only_residual_bottleneck__raw_stats_STFT,context_only_residual_bottleneck,raw_stats_STFT,alpha_abs_mean,residual_delta,0.2912048399448395,0.287993848323822
MedicalImages,context_only_residual_bottleneck__raw_stats_GAF_STFT,context_only_residual_bottleneck,raw_stats_GAF_STFT,alpha_abs_mean,residual_delta,0.2635423541069031,0.2684728503227234
MedicalImages,raw_conditioned_context_bottleneck__raw_STFT,raw_conditioned_context_bottleneck,raw_STFT,alpha_abs_mean,residual_delta,0.22846564650535583,0.2612841725349426
MedicalImages,raw_conditioned_context_bottleneck__raw_GAF,raw_conditioned_context_bottleneck,raw_GAF,alpha_abs_mean,residual_delta,0.25988686084747314,0.27255818247795105
MedicalImages,raw_conditioned_context_bottleneck__raw_stats_STFT,raw_conditioned_context_bottleneck,raw_stats_STFT,alpha_abs_mean,residual_delta,0.3021913468837738,0.2739713490009308
MedicalImages,raw_conditioned_context_bottleneck__raw_stats_GAF_STFT,raw_conditioned_context_bottleneck,raw_stats_GAF_STFT,alpha_abs_mean,residual_delta,0.28267958760261536,0.27947789430618286
FacesUCR,raw_residual_bottleneck__raw_STFT,raw_residual_bottleneck,raw_STFT,alpha_abs_mean,residual_delta,0.26590752601623535,0.22889181971549988
FacesUCR,raw_residual_bottleneck__raw_GAF,raw_residual_bottleneck,raw_GAF,alpha_abs_mean,residual_delta,0.30532023310661316,0.17268702387809753
FacesUCR,raw_residual_bottleneck__raw_stats_STFT,raw_residual_bottleneck,raw_stats_STFT,alpha_abs_mean,residual_delta,0.3619236946105957,0.30856555700302124
FacesUCR,raw_residual_bottleneck__raw_stats_GAF_STFT,raw_residual_bottleneck,raw_stats_GAF_STFT,alpha_abs_mean,residual_delta,0.3131806552410126,0.272398978471756
FacesUCR,context_only_residual_bottleneck__raw_STFT,context_only_residual_bottleneck,raw_STFT,alpha_abs_mean,residual_delta,0.28615185618400574,0.256778359413147
FacesUCR,context_only_residual_bottleneck__raw_GAF,context_only_residual_bottleneck,raw_GAF,alpha_abs_mean,residual_delta,0.24456198513507843,0.19300712645053864
FacesUCR,context_only_residual_bottleneck__raw_stats_STFT,context_only_residual_bottleneck,raw_stats_STFT,alpha_abs_mean,residual_delta,0.38792651891708374,0.28604722023010254
FacesUCR,context_only_residual_bottleneck__raw_stats_GAF_STFT,context_only_residual_bottleneck,raw_stats_GAF_STFT,alpha_abs_mean,residual_delta,0.30964186787605286,0.28505638241767883
FacesUCR,raw_conditioned_context_bottleneck__raw_STFT,raw_conditioned_context_bottleneck,raw_STFT,alpha_abs_mean,residual_delta,0.29738935828208923,0.25533542037010193
FacesUCR,raw_conditioned_context_bottleneck__raw_GAF,raw_conditioned_context_bottleneck,raw_GAF,alpha_abs_mean,residual_delta,0.2787480056285858,0.2227395474910736
FacesUCR,raw_conditioned_context_bottleneck__raw_stats_STFT,raw_conditioned_context_bottleneck,raw_stats_STFT,alpha_abs_mean,residual_delta,0.38671383261680603,0.29915159940719604
FacesUCR,raw_conditioned_context_bottleneck__raw_stats_GAF_STFT,raw_conditioned_context_bottleneck,raw_stats_GAF_STFT,alpha_abs_mean,residual_delta,0.35452011227607727,0.30648282170295715
SwedishLeaf,raw_residual_bottleneck__raw_STFT,raw_residual_bottleneck,raw_STFT,alpha_abs_mean,residual_delta,0.1794489026069641,0.23831681907176971
SwedishLeaf,raw_residual_bottleneck__raw_GAF,raw_residual_bottleneck,raw_GAF,alpha_abs_mean,residual_delta,0.18282777070999146,0.24209214746952057
SwedishLeaf,raw_residual_bottleneck__raw_stats_STFT,raw_residual_bottleneck,raw_stats_STFT,alpha_abs_mean,residual_delta,0.2622528672218323,0.32900547981262207
SwedishLeaf,raw_residual_bottleneck__raw_stats_GAF_STFT,raw_residual_bottleneck,raw_stats_GAF_STFT,alpha_abs_mean,residual_delta,0.16835865378379822,0.2622544467449188
SwedishLeaf,context_only_residual_bottleneck__raw_STFT,context_only_residual_bottleneck,raw_STFT,alpha_abs_mean,residual_delta,0.1994711011648178,0.27078908681869507
SwedishLeaf,context_only_residual_bottleneck__raw_GAF,context_only_residual_bottleneck,raw_GAF,alpha_abs_mean,residual_delta,0.15608437359333038,0.2302141785621643
SwedishLeaf,context_only_residual_bottleneck__raw_stats_STFT,context_only_residual_bottleneck,raw_stats_STFT,alpha_abs_mean,residual_delta,0.2673996686935425,0.3275357484817505
SwedishLeaf,context_only_residual_bottleneck__raw_stats_GAF_STFT,context_only_residual_bottleneck,raw_stats_GAF_STFT,alpha_abs_mean,residual_delta,0.1440577208995819,0.24332256615161896
SwedishLeaf,raw_conditioned_context_bottleneck__raw_STFT,raw_conditioned_context_bottleneck,raw_STFT,alpha_abs_mean,residual_delta,0.22815339267253876,0.2699596583843231
SwedishLeaf,raw_conditioned_context_bottleneck__raw_GAF,raw_conditioned_context_bottleneck,raw_GAF,alpha_abs_mean,residual_delta,0.1771457940340042,0.24785032868385315
SwedishLeaf,raw_conditioned_context_bottleneck__raw_stats_STFT,raw_conditioned_context_bottleneck,raw_stats_STFT,alpha_abs_mean,residual_delta,0.24664539098739624,0.31020858883857727
SwedishLeaf,raw_conditioned_context_bottleneck__raw_stats_GAF_STFT,raw_conditioned_context_bottleneck,raw_stats_GAF_STFT,alpha_abs_mean,residual_delta,0.22028130292892456,0.2904294431209564
